user_id,song_id,play_count,completion_rate,timestamp,skip_count,save_count
U001,S061,3,0.2,2026-04-15 16:12:00,2,0
U001,S066,5,0.84,2026-04-28 03:35:17,0,0
U001,S009,5,0.49,2026-04-11 14:12:56,1,0
U001,S057,4,0.4,2026-03-17 21:55:41,0,0
U001,S068,5,0.89,2026-03-23 05:38:40,0,1
U001,S033,3,0.65,2026-03-23 08:03:34,2,0
U001,S053,8,0.56,2026-03-18 21:44:13,3,0
U001,S001,6,0.19,2026-04-19 14:39:57,2,0
U001,S026,6,0.92,2026-03-19 10:55:59,0,1
U001,S093,2,0.75,2026-03-18 05:20:16,0,0
U001,S082,6,0.87,2026-04-12 18:41:28,0,1
U002,S045,5,0.5,2026-03-12 08:05:02,2,0
U002,S033,8,0.35,2026-03-15 05:01:01,0,0
U002,S031,9,0.58,2026-03-23 09:05:24,3,0
U002,S029,7,0.64,2026-04-12 09:57:48,0,0
U002,S066,5,0.97,2026-03-27 00:26:19,0,1
U002,S046,4,0.81,2026-04-25 15:10:59,0,0
U002,S040,1,0.83,2026-04-26 18:09:42,0,0
U002,S067,8,0.33,2026-03-20 05:18:31,2,0
U002,S058,2,0.16,2026-04-12 02:11:34,3,0
U002,S037,5,0.71,2026-04-28 15:17:12,0,0
U002,S092,10,0.67,2026-05-01 21:32:25,1,0
U002,S070,7,0.97,2026-03-29 19:58:13,0,1
U002,S099,9,0.75,2026-03-17 20:25:11,0,0
U003,S027,10,0.8,2026-04-24 22:35:34,0,0
U003,S074,1,0.38,2026-04-19 09:09:41,1,0
U003,S089,7,0.28,2026-04-29 19:55:14,0,0
U003,S088,10,0.77,2026-05-05 19:48:05,0,0
U003,S042,8,0.6,2026-03-30 22:35:11,2,0
U003,S032,9,0.3,2026-04-16 23:38:05,0,0
U003,S068,8,0.95,2026-04-19 17:37:35,0,1
U003,S091,1,0.47,2026-04-05 03:46:13,3,0
U003,S050,1,0.87,2026-03-23 00:44:23,0,0
U003,S053,8,0.7,2026-03-15 07:42:34,3,0
U004,S037,3,0.53,2026-04-30 02:48:53,2,0
U004,S008,6,0.49,2026-04-21 16:30:10,2,0
U004,S032,7,0.67,2026-04-15 01:18:01,1,0
U004,S073,6,0.6,2026-03-21 16:19:07,1,0
U004,S024,4,0.81,2026-04-26 06:56:59,0,0
U004,S075,2,0.82,2026-03-21 04:38:32,0,0
U004,S042,4,0.22,2026-03-17 06:22:09,2,0
U004,S050,1,0.33,2026-04-14 23:00:37,3,0
U004,S060,4,0.83,2026-04-28 19:01:18,0,0
U004,S005,8,0.21,2026-04-27 04:37:34,1,0
U004,S004,6,0.18,2026-03-16 10:22:04,3,0
U004,S026,9,0.34,2026-03-13 01:03:02,2,0
U004,S084,2,0.98,2026-04-03 00:41:27,0,0
U004,S092,3,0.58,2026-04-08 10:27:54,2,0
U005,S043,5,0.53,2026-03-13 21:09:52,2,0
U005,S090,10,0.2,2026-03-14 18:57:45,0,0
U005,S037,5,0.38,2026-04-16 20:12:00,0,0
U005,S093,3,0.83,2026-04-22 05:46:20,0,0
U005,S032,3,0.17,2026-04-14 06:30:22,3,0
U005,S033,9,0.76,2026-04-12 22:12:16,0,0
U005,S021,10,0.42,2026-04-16 20:10:59,1,0
U005,S022,10,0.63,2026-04-20 07:37:35,1,0
U005,S042,10,0.99,2026-04-02 21:16:55,0,1
U005,S005,1,0.45,2026-04-20 14:39:31,0,0
U005,S009,6,0.42,2026-03-12 20:06:55,3,0
U005,S057,3,0.75,2026-04-15 09:19:39,0,0
U005,S003,4,0.63,2026-03-25 15:54:45,2,0
U005,S068,1,0.68,2026-05-04 11:09:29,2,0
U005,S059,7,0.66,2026-04-06 04:33:43,3,0
U005,S067,4,0.62,2026-04-03 16:51:39,2,0
U005,S011,10,0.27,2026-04-24 11:07:21,3,0
U005,S010,4,0.16,2026-04-16 18:40:07,2,0
U005,S017,7,0.53,2026-04-10 14:29:12,1,0
U005,S040,4,0.63,2026-03-23 23:47:10,0,0
U006,S049,7,0.25,2026-03-25 11:17:01,1,0
U006,S032,4,0.3,2026-04-04 12:42:53,3,0
U006,S062,3,0.16,2026-03-16 19:56:22,1,0
U006,S060,4,0.59,2026-03-25 04:03:27,1,0
U006,S009,4,0.37,2026-03-22 13:28:21,1,0
U006,S045,2,0.55,2026-04-29 13:51:22,2,0
U006,S051,2,0.45,2026-04-15 20:18:13,2,0
U006,S081,8,0.68,2026-05-04 22:55:41,2,0
U006,S040,6,0.38,2026-03-31 11:10:41,2,0
U006,S066,8,0.44,2026-04-23 20:52:31,0,0
U006,S052,4,0.93,2026-03-22 02:46:33,0,1
U006,S042,8,0.52,2026-03-14 18:53:54,2,0
U006,S036,7,0.91,2026-03-16 09:16:05,0,1
U006,S014,6,0.98,2026-04-10 21:40:49,0,1
U006,S001,1,0.21,2026-04-19 07:05:14,1,0
U006,S100,2,0.36,2026-04-07 01:46:53,2,0
U006,S087,5,0.33,2026-03-12 19:27:11,0,0
U006,S024,2,0.95,2026-03-28 20:14:27,0,0
U006,S074,3,0.77,2026-04-03 21:41:11,0,0
U007,S038,10,0.79,2026-04-13 15:35:41,0,0
U007,S014,6,0.34,2026-04-06 17:22:01,3,0
U007,S081,8,0.67,2026-05-04 18:53:42,2,0
U007,S028,6,0.81,2026-03-26 21:28:57,0,0
U007,S031,7,0.82,2026-03-23 10:21:38,0,0
U007,S055,10,0.78,2026-03-23 11:30:49,0,0
U007,S040,9,0.91,2026-04-10 01:04:45,0,1
U007,S057,7,0.61,2026-04-16 04:12:47,2,0
U007,S048,7,0.61,2026-03-12 01:36:14,3,0
U007,S082,2,0.25,2026-03-16 02:42:56,0,0
U007,S071,10,0.5,2026-04-17 16:40:17,2,0
U007,S076,3,0.61,2026-04-26 15:56:15,0,0
U007,S065,9,0.42,2026-04-07 19:14:59,0,0
U008,S066,9,0.83,2026-04-17 17:59:08,0,0
U008,S100,7,0.53,2026-03-18 14:22:13,3,0
U008,S009,4,0.31,2026-04-30 01:56:08,2,0
U008,S010,10,0.19,2026-03-27 22:00:31,2,0
U008,S095,9,0.5,2026-03-28 03:30:29,2,0
U008,S029,10,0.41,2026-03-18 13:12:54,2,0
U008,S026,3,0.26,2026-05-04 00:46:15,1,0
U008,S082,8,0.82,2026-04-07 04:50:06,0,0
U008,S005,9,0.83,2026-03-31 01:03:25,0,0
U008,S089,5,0.17,2026-03-16 00:43:16,0,0
U008,S024,1,0.56,2026-04-20 09:56:32,3,0
U008,S040,6,0.34,2026-03-14 08:58:14,1,0
U008,S025,2,0.39,2026-03-15 21:27:59,3,0
U008,S054,4,0.2,2026-03-31 04:56:19,0,0
U008,S002,4,0.87,2026-03-16 15:15:08,0,1
U008,S023,3,0.38,2026-04-21 08:30:24,3,0
U008,S076,10,0.9,2026-03-22 01:12:43,0,1
U009,S069,5,0.24,2026-05-02 11:48:37,3,0
U009,S011,7,0.72,2026-04-24 18:29:10,0,0
U009,S020,8,0.64,2026-03-25 00:22:52,0,0
U009,S067,10,0.44,2026-03-21 05:15:37,1,0
U009,S016,7,0.51,2026-04-12 01:05:57,0,0
U009,S066,3,0.57,2026-04-22 04:46:07,3,0
U009,S090,5,0.42,2026-04-18 23:30:43,1,0
U009,S033,6,0.46,2026-04-13 16:17:23,3,0
U009,S085,5,0.22,2026-03-25 22:55:14,0,0
U009,S072,9,0.72,2026-03-14 16:35:01,0,0
U009,S086,5,0.16,2026-05-05 20:53:15,3,0
U010,S013,3,0.5,2026-04-14 12:53:58,2,0
U010,S057,5,0.76,2026-04-06 23:23:02,0,0
U010,S081,1,0.27,2026-03-22 13:57:49,1,0
U010,S083,8,0.21,2026-04-18 22:11:02,0,0
U010,S062,10,0.7,2026-04-28 23:52:59,0,0
U010,S009,6,0.43,2026-04-18 21:09:11,1,0
U010,S010,9,0.91,2026-03-20 08:59:14,0,1
U010,S096,6,0.46,2026-03-27 13:22:40,1,0
U010,S063,2,0.78,2026-03-17 04:27:48,0,0
U010,S024,8,0.64,2026-03-22 09:48:19,3,0
U010,S094,4,0.76,2026-03-27 15:46:25,0,0
U010,S029,1,0.52,2026-05-03 05:48:09,0,0
U010,S019,5,0.44,2026-03-17 09:09:38,1,0
U010,S033,4,0.87,2026-04-02 17:28:54,0,1
U010,S064,9,0.75,2026-04-01 13:21:53,0,0
U010,S039,1,0.4,2026-04-13 20:44:47,2,0
U010,S085,1,0.63,2026-03-24 09:40:52,2,0
U010,S075,5,0.4,2026-04-12 00:25:20,2,0
U010,S005,5,0.59,2026-04-23 03:07:45,2,0
U011,S086,1,0.87,2026-04-04 21:17:28,0,0
U011,S087,10,1.0,2026-04-15 09:21:29,0,1
U011,S005,3,0.52,2026-04-09 16:13:56,2,0
U011,S022,1,0.33,2026-04-05 17:49:54,3,0
U011,S053,1,0.31,2026-05-04 19:59:22,0,0
U011,S029,5,0.92,2026-05-04 10:47:12,0,1
U011,S046,3,0.9,2026-04-14 04:52:29,0,0
U011,S084,4,0.39,2026-03-29 04:54:01,0,0
U011,S032,1,0.65,2026-03-29 12:40:11,1,0
U011,S007,7,0.68,2026-04-30 04:32:35,3,0
U011,S047,3,0.71,2026-04-18 12:28:04,0,0
U011,S023,7,0.76,2026-05-05 08:24:35,0,0
U011,S096,6,0.32,2026-04-16 07:30:53,0,0
U011,S003,1,0.3,2026-04-09 11:09:55,1,0
U011,S100,7,0.37,2026-04-01 02:31:30,1,0
U012,S087,3,0.38,2026-04-27 17:13:49,3,0
U012,S001,9,0.81,2026-03-19 12:44:50,0,0
U012,S093,10,0.65,2026-04-29 04:32:25,0,0
U012,S092,4,0.58,2026-03-22 18:01:29,1,0
U012,S082,4,0.88,2026-03-26 20:14:22,0,1
U012,S080,4,0.51,2026-04-11 03:37:17,0,0
U012,S077,8,0.72,2026-03-18 19:20:05,0,0
U012,S061,10,0.94,2026-04-09 05:37:29,0,1
U012,S005,2,0.88,2026-05-01 13:39:06,0,0
U012,S081,3,0.71,2026-04-11 12:37:56,0,0
U012,S071,8,0.53,2026-04-05 08:56:35,2,0
U012,S036,3,0.42,2026-04-02 20:48:16,1,0
U012,S041,3,0.72,2026-05-06 03:18:28,0,0
U012,S067,9,0.71,2026-04-01 03:56:25,0,0
U012,S042,5,0.83,2026-04-07 03:26:58,0,0
U012,S031,9,0.8,2026-04-04 06:06:34,0,0
U013,S070,5,0.56,2026-03-25 06:59:54,0,0
U013,S010,10,0.55,2026-03-12 23:09:19,1,0
U013,S021,1,0.34,2026-03-23 18:56:14,0,0
U013,S043,3,0.8,2026-05-02 11:26:20,0,0
U013,S036,10,0.66,2026-04-02 12:27:03,1,0
U013,S061,4,0.29,2026-03-15 08:32:49,1,0
U013,S019,3,0.56,2026-03-11 09:51:36,2,0
U013,S062,1,0.71,2026-04-19 15:01:19,0,0
U013,S029,5,0.44,2026-04-22 07:30:06,0,0
U013,S005,4,0.58,2026-04-18 10:44:59,2,0
U013,S068,6,0.79,2026-05-02 10:09:33,0,0
U013,S086,9,0.47,2026-05-01 18:29:52,1,0
U013,S002,4,0.19,2026-04-22 23:25:09,1,0
U013,S006,6,0.69,2026-04-15 05:12:27,3,0
U013,S059,5,0.72,2026-03-22 03:32:11,0,0
U013,S069,7,0.68,2026-04-26 15:42:05,2,0
U013,S083,5,0.21,2026-03-14 21:38:32,3,0
U013,S092,10,0.38,2026-03-22 18:53:06,1,0
U014,S095,10,0.86,2026-04-03 01:13:24,0,1
U014,S100,9,0.63,2026-04-21 09:55:45,1,0
U014,S078,7,0.9,2026-04-05 20:33:12,0,1
U014,S027,7,0.26,2026-03-26 01:00:38,3,0
U014,S079,9,0.92,2026-04-13 06:45:38,0,1
U014,S010,5,0.69,2026-03-29 09:46:23,3,0
U014,S092,10,0.29,2026-03-23 05:58:08,2,0
U014,S060,1,0.59,2026-04-09 15:09:53,1,0
U014,S034,5,0.49,2026-04-28 14:23:46,2,0
U014,S063,2,0.97,2026-03-11 11:04:56,0,0
U014,S099,8,0.88,2026-04-28 22:17:59,0,1
U014,S096,1,0.2,2026-03-21 15:39:58,2,0
U014,S065,1,0.52,2026-04-29 01:45:49,0,0
U014,S055,8,0.78,2026-03-16 19:35:38,0,0
U014,S041,8,0.47,2026-04-06 12:26:58,1,0
U014,S037,5,0.35,2026-04-30 07:18:04,1,0
U014,S033,7,0.75,2026-04-26 23:51:39,0,0
U014,S094,2,0.21,2026-03-20 09:55:58,3,0
U014,S090,10,0.2,2026-03-24 01:01:48,1,0
U015,S020,1,0.2,2026-05-02 14:23:47,1,0
U015,S025,10,0.19,2026-03-22 00:21:17,0,0
U015,S044,2,0.21,2026-05-04 05:42:29,2,0
U015,S088,8,0.87,2026-04-14 07:18:13,0,1
U015,S033,8,0.85,2026-05-03 19:07:59,0,0
U015,S027,10,0.64,2026-04-05 11:54:30,1,0
U015,S091,10,0.27,2026-04-22 12:40:06,1,0
U015,S100,9,0.59,2026-04-13 16:50:07,3,0
U015,S046,6,0.91,2026-04-29 15:48:57,0,1
U015,S073,2,0.51,2026-03-12 21:27:00,2,0
U016,S026,9,0.57,2026-03-16 04:12:25,0,0
U016,S065,8,0.26,2026-05-03 20:21:01,1,0
U016,S071,7,0.42,2026-04-08 00:52:55,2,0
U016,S048,5,0.96,2026-04-22 18:58:30,0,1
U016,S074,10,0.18,2026-04-10 02:29:00,1,0
U016,S016,2,0.52,2026-04-29 10:06:59,0,0
U016,S093,3,0.81,2026-04-02 18:35:01,0,0
U016,S031,2,0.27,2026-05-06 16:18:10,0,0
U016,S017,4,0.5,2026-05-02 20:02:25,0,0
U016,S054,2,0.36,2026-04-06 04:20:45,0,0
U016,S068,5,0.75,2026-04-13 10:49:45,0,0
U017,S082,9,0.75,2026-04-04 12:43:18,0,0
U017,S018,3,0.64,2026-04-08 12:48:13,0,0
U017,S041,6,0.7,2026-03-30 02:22:25,1,0
U017,S034,9,0.25,2026-05-04 08:20:34,2,0
U017,S021,6,0.97,2026-03-22 14:44:14,0,1
U017,S045,6,0.65,2026-04-26 00:46:22,1,0
U017,S077,1,0.57,2026-03-20 02:33:00,2,0
U017,S022,6,0.47,2026-04-26 08:58:38,3,0
U017,S033,8,0.34,2026-03-18 00:48:01,0,0
U017,S090,1,0.59,2026-03-25 22:10:15,2,0
U018,S031,3,0.63,2026-04-26 00:18:32,1,0
U018,S100,10,0.77,2026-03-16 21:28:51,0,0
U018,S063,10,0.69,2026-03-13 22:05:21,3,0
U018,S054,2,0.47,2026-03-29 21:31:39,3,0
U018,S015,10,0.8,2026-05-01 07:11:14,0,0
U018,S006,2,0.43,2026-04-03 14:21:31,0,0
U018,S069,6,0.2,2026-04-13 15:42:01,2,0
U018,S055,3,0.49,2026-04-01 23:50:50,0,0
U018,S040,3,0.73,2026-03-25 08:08:39,0,0
U018,S099,1,0.25,2026-04-03 17:51:00,0,0
U018,S018,2,0.39,2026-03-28 16:36:36,1,0
U018,S010,1,0.82,2026-04-19 23:50:16,0,0
U018,S019,7,0.53,2026-03-21 04:17:09,1,0
U018,S088,9,0.93,2026-03-28 16:01:07,0,1
U018,S091,7,0.42,2026-03-28 07:33:10,1,0
U018,S073,3,1.0,2026-04-02 20:29:01,0,0
U018,S067,7,0.25,2026-03-15 18:24:24,2,0
U018,S052,6,0.92,2026-04-29 03:52:46,0,1
U018,S081,8,0.96,2026-03-16 20:45:26,0,1
U019,S049,6,0.22,2026-03-20 16:38:31,0,0
U019,S077,4,0.89,2026-04-28 14:54:00,0,1
U019,S094,3,0.84,2026-03-28 06:47:54,0,0
U019,S013,5,0.44,2026-03-29 22:47:38,3,0
U019,S038,7,0.94,2026-03-29 10:45:30,0,1
U019,S028,5,0.26,2026-04-03 05:02:20,1,0
U019,S088,5,0.88,2026-04-30 15:39:17,0,1
U019,S036,1,0.36,2026-04-05 23:29:44,2,0
U019,S004,1,0.64,2026-04-20 21:38:41,1,0
U019,S039,10,0.32,2026-04-20 04:07:27,3,0
U020,S091,9,0.79,2026-04-13 16:46:12,0,0
U020,S077,1,0.35,2026-03-17 15:33:19,3,0
U020,S087,7,0.36,2026-04-01 21:31:26,0,0
U020,S092,5,0.89,2026-04-15 06:41:36,0,1
U020,S007,2,0.58,2026-04-07 05:04:33,1,0
U020,S075,9,0.81,2026-05-02 11:21:26,0,0
U020,S011,4,0.2,2026-03-14 09:46:48,0,0
U020,S010,4,0.86,2026-04-19 04:35:00,0,1
U020,S064,7,0.59,2026-04-30 16:22:59,1,0
U020,S086,1,0.28,2026-04-15 08:40:07,3,0
U020,S074,9,0.3,2026-04-23 15:36:26,0,0
U020,S071,9,0.54,2026-03-18 02:36:47,1,0
U020,S088,2,0.57,2026-03-22 15:58:53,0,0
U020,S096,2,0.31,2026-03-20 15:18:28,2,0
U020,S023,8,0.93,2026-04-19 18:39:16,0,1
U020,S045,9,0.79,2026-03-26 00:22:28,0,0
U020,S031,8,0.16,2026-03-27 21:03:12,1,0
U021,S087,6,0.67,2026-04-21 17:10:49,0,0
U021,S054,4,0.46,2026-03-29 07:01:22,3,0
U021,S040,9,0.75,2026-04-10 10:19:02,0,0
U021,S023,2,0.21,2026-04-09 22:11:45,0,0
U021,S096,2,0.62,2026-04-26 18:56:24,2,0
U021,S078,3,0.28,2026-04-24 21:13:00,2,0
U021,S013,6,0.23,2026-03-27 16:44:55,2,0
U021,S049,9,0.91,2026-05-02 03:14:25,0,1
U021,S044,8,0.67,2026-04-19 12:56:03,3,0
U021,S081,9,0.84,2026-03-26 02:43:54,0,0
U021,S099,3,0.34,2026-04-29 07:57:37,3,0
U021,S093,1,0.41,2026-03-14 15:30:33,3,0
U021,S084,5,0.52,2026-04-06 09:41:38,1,0
U021,S069,7,0.9,2026-04-16 16:01:57,0,1
U021,S017,9,0.36,2026-03-11 17:17:33,3,0
U021,S033,6,0.16,2026-03-12 12:46:00,0,0
U021,S026,9,0.95,2026-04-14 19:57:09,0,1
U021,S003,5,0.25,2026-05-01 21:31:21,3,0
U021,S030,3,0.28,2026-03-17 22:28:12,2,0
U022,S075,2,0.46,2026-03-26 13:52:40,3,0
U022,S081,1,0.44,2026-05-02 01:53:41,1,0
U022,S084,3,0.23,2026-03-13 04:00:09,2,0
U022,S029,4,0.79,2026-04-19 19:26:04,0,0
U022,S031,4,0.53,2026-03-20 08:40:37,2,0
U022,S077,8,0.28,2026-04-13 09:01:04,2,0
U022,S034,6,0.86,2026-04-05 03:53:18,0,1
U022,S091,5,0.77,2026-05-05 23:03:11,0,0
U022,S025,1,0.74,2026-04-09 07:41:31,0,0
U022,S028,2,0.45,2026-03-19 23:27:05,3,0
U022,S086,3,0.42,2026-04-10 17:49:32,0,0
U022,S003,9,0.79,2026-03-22 04:43:28,0,0
U022,S009,6,0.8,2026-05-03 14:04:01,0,0
U022,S060,4,0.29,2026-03-29 13:10:16,2,0
U023,S041,4,0.5,2026-03-31 07:09:50,1,0
U023,S097,10,0.41,2026-04-29 03:46:46,3,0
U023,S020,4,0.34,2026-05-04 02:26:58,1,0
U023,S055,9,0.68,2026-03-22 02:05:16,1,0
U023,S058,9,0.65,2026-04-26 10:43:14,2,0
U023,S011,8,0.49,2026-04-07 18:02:06,0,0
U023,S099,6,0.62,2026-03-28 11:25:30,0,0
U023,S046,9,0.34,2026-04-04 04:20:13,1,0
U023,S044,2,0.87,2026-05-05 12:59:47,0,0
U023,S089,9,0.24,2026-03-25 08:54:37,0,0
U023,S027,2,0.49,2026-03-27 12:36:30,3,0
U023,S061,8,0.81,2026-04-20 10:35:11,0,0
U023,S064,9,0.96,2026-03-20 17:17:06,0,1
U023,S047,5,0.86,2026-04-03 22:24:45,0,1
U024,S055,7,0.59,2026-04-17 17:35:43,1,0
U024,S095,4,0.59,2026-04-20 09:03:20,0,0
U024,S099,10,0.18,2026-04-22 00:59:56,2,0
U024,S021,2,0.52,2026-05-01 05:45:40,2,0
U024,S062,8,0.73,2026-03-21 05:12:03,0,0
U024,S066,6,0.89,2026-03-14 06:53:55,0,1
U024,S002,4,0.5,2026-03-29 01:21:44,1,0
U024,S009,4,0.99,2026-03-24 03:57:22,0,1
U024,S037,10,0.19,2026-03-22 08:40:10,3,0
U024,S018,1,0.72,2026-04-12 09:36:02,0,0
U024,S091,1,0.83,2026-04-30 19:15:13,0,0
U024,S061,7,0.61,2026-04-09 03:14:48,1,0
U024,S097,6,0.64,2026-03-22 12:46:46,0,0
U024,S044,5,0.2,2026-05-05 09:31:19,0,0
U024,S023,3,0.57,2026-04-02 06:12:11,1,0
U024,S093,8,0.23,2026-04-28 17:08:34,3,0
U024,S024,2,0.96,2026-04-26 09:30:56,0,0
U024,S078,9,0.78,2026-04-17 08:20:44,0,0
U024,S072,6,0.91,2026-04-28 12:44:57,0,1
U025,S004,4,0.88,2026-03-11 23:20:13,0,1
U025,S019,4,0.75,2026-03-17 20:30:23,0,0
U025,S012,8,0.91,2026-03-25 15:39:28,0,1
U025,S069,7,0.16,2026-03-13 06:38:09,0,0
U025,S027,3,0.93,2026-03-28 23:39:57,0,0
U025,S083,1,0.3,2026-03-23 13:50:40,1,0
U025,S068,8,0.4,2026-03-15 02:38:41,1,0
U025,S015,7,0.53,2026-03-25 19:18:58,1,0
U025,S040,9,0.55,2026-03-15 07:57:25,1,0
U025,S092,9,0.49,2026-04-27 00:25:31,1,0
U025,S085,3,0.77,2026-03-23 12:33:42,0,0
U025,S011,9,0.67,2026-03-13 13:33:40,1,0
U025,S039,5,0.57,2026-03-24 00:53:02,1,0
U025,S065,9,0.19,2026-04-06 12:59:31,3,0
U025,S079,6,0.81,2026-04-17 05:45:55,0,0
U026,S018,2,0.68,2026-03-20 18:56:21,3,0
U026,S078,3,0.94,2026-03-21 17:12:54,0,0
U026,S082,2,0.75,2026-04-19 12:51:46,0,0
U026,S031,1,0.27,2026-04-03 04:54:04,1,0
U026,S036,10,0.7,2026-04-23 03:21:19,0,0
U026,S020,10,0.9,2026-04-02 17:13:38,0,1
U026,S017,4,0.2,2026-05-05 20:10:27,1,0
U026,S044,4,0.48,2026-04-17 02:43:41,0,0
U026,S014,3,0.91,2026-04-15 06:11:22,0,0
U026,S024,1,0.71,2026-04-21 02:02:27,0,0
U026,S053,6,0.57,2026-04-16 02:18:57,3,0
U026,S083,8,0.93,2026-04-22 23:05:18,0,1
U026,S034,3,0.94,2026-04-13 21:58:11,0,0
U026,S068,5,0.31,2026-05-03 11:29:18,1,0
U026,S077,5,0.77,2026-04-13 21:22:37,0,0
U027,S077,1,0.64,2026-04-08 05:13:54,3,0
U027,S067,3,0.8,2026-05-04 20:26:18,0,0
U027,S082,5,0.6,2026-04-26 13:06:17,2,0
U027,S058,6,0.72,2026-04-27 09:48:46,0,0
U027,S045,5,0.27,2026-04-10 13:50:09,0,0
U027,S023,2,0.64,2026-05-03 10:52:26,0,0
U027,S011,4,0.26,2026-05-01 04:18:19,0,0
U027,S012,9,0.74,2026-03-29 11:56:09,0,0
U027,S035,5,0.77,2026-04-10 11:26:37,0,0
U027,S049,7,0.46,2026-03-15 23:30:19,0,0
U027,S081,9,0.47,2026-04-09 06:57:30,0,0
U027,S063,7,0.2,2026-03-26 21:53:00,1,0
U027,S014,3,0.59,2026-03-13 08:14:34,1,0
U027,S089,8,0.61,2026-04-24 00:56:01,2,0
U027,S028,4,0.52,2026-04-08 13:41:05,1,0
U027,S055,8,0.43,2026-03-31 01:45:30,0,0
U027,S034,1,0.59,2026-04-27 06:38:08,3,0
U027,S080,2,0.53,2026-03-25 04:07:53,2,0
U028,S056,8,0.45,2026-03-16 21:05:55,3,0
U028,S072,6,0.71,2026-05-03 11:30:05,0,0
U028,S019,2,0.37,2026-03-11 21:35:35,3,0
U028,S094,1,0.17,2026-03-18 22:25:48,2,0
U028,S096,4,0.23,2026-03-31 02:10:52,3,0
U028,S075,2,0.49,2026-04-21 04:11:03,0,0
U028,S061,9,0.32,2026-04-24 11:43:13,0,0
U028,S029,7,0.66,2026-03-31 19:50:05,0,0
U028,S050,1,0.88,2026-04-15 05:59:05,0,0
U028,S039,5,0.25,2026-04-09 13:38:03,2,0
U028,S054,6,0.6,2026-05-03 17:39:49,1,0
U028,S059,2,0.71,2026-03-30 17:35:08,0,0
U028,S062,5,0.26,2026-03-24 18:23:04,1,0
U028,S089,6,0.2,2026-03-24 23:16:35,0,0
U028,S017,2,0.4,2026-04-03 22:34:09,2,0
U028,S015,6,0.66,2026-04-30 14:31:59,2,0
U028,S021,8,0.9,2026-04-19 17:06:01,0,1
U028,S024,2,0.98,2026-05-02 06:06:48,0,0
U028,S088,10,0.6,2026-03-27 22:05:18,2,0
U029,S004,8,0.78,2026-04-26 14:21:38,0,0
U029,S069,10,0.6,2026-03-16 07:46:00,1,0
U029,S074,7,0.16,2026-04-08 15:29:36,3,0
U029,S063,4,0.38,2026-03-30 13:14:31,3,0
U029,S090,8,0.66,2026-04-19 15:46:11,3,0
U029,S021,6,0.62,2026-04-20 15:05:51,2,0
U029,S038,2,0.61,2026-04-14 17:58:23,3,0
U029,S023,6,0.68,2026-03-25 07:03:56,3,0
U029,S016,8,0.73,2026-03-11 23:39:04,0,0
U029,S035,5,0.31,2026-05-03 20:52:33,1,0
U029,S066,6,0.58,2026-04-10 04:50:59,1,0
U029,S044,4,0.54,2026-03-26 18:05:40,1,0
U030,S083,2,0.71,2026-05-02 22:49:09,0,0
U030,S080,4,0.2,2026-04-03 19:39:34,0,0
U030,S004,6,0.53,2026-04-26 12:46:32,1,0
U030,S060,2,0.66,2026-04-03 22:53:30,0,0
U030,S071,1,0.79,2026-04-22 22:49:55,0,0
U030,S018,3,0.57,2026-04-09 00:44:06,3,0
U030,S023,4,0.51,2026-03-11 02:27:30,0,0
U030,S048,10,0.39,2026-03-28 13:44:44,3,0
U030,S039,2,0.62,2026-03-26 14:27:16,3,0
U030,S057,9,0.42,2026-05-03 08:42:46,2,0
U030,S052,6,0.89,2026-04-04 09:59:33,0,1
U030,S033,7,0.26,2026-04-03 06:58:59,0,0
U030,S069,7,0.8,2026-04-19 14:11:44,0,0
U031,S036,9,0.93,2026-05-05 22:55:18,0,1
U031,S066,8,0.52,2026-03-13 14:18:24,3,0
U031,S067,8,0.59,2026-04-17 20:22:25,3,0
U031,S085,3,0.44,2026-04-22 06:19:19,1,0
U031,S025,4,0.4,2026-04-23 00:10:44,2,0
U031,S024,5,0.27,2026-03-22 05:39:30,2,0
U031,S069,7,0.77,2026-03-19 21:28:14,0,0
U031,S070,6,0.84,2026-05-04 15:21:28,0,0
U031,S100,7,0.21,2026-04-13 23:05:52,1,0
U031,S016,5,0.33,2026-05-03 15:16:31,1,0
U031,S055,6,0.45,2026-04-30 22:33:29,3,0
U031,S002,9,0.34,2026-04-09 22:06:52,1,0
U032,S035,6,0.45,2026-04-29 18:24:03,1,0
U032,S064,8,0.77,2026-04-01 02:03:36,0,0
U032,S034,10,0.83,2026-03-24 09:27:21,0,0
U032,S066,10,0.65,2026-04-18 10:03:09,2,0
U032,S002,6,0.38,2026-03-17 04:43:26,3,0
U032,S060,1,0.65,2026-05-03 21:11:47,1,0
U032,S049,5,0.68,2026-04-01 17:34:36,2,0
U032,S070,5,0.98,2026-03-14 23:53:26,0,1
U032,S029,10,0.63,2026-03-17 01:55:29,1,0
U032,S031,9,0.82,2026-03-27 03:52:20,0,0
U032,S051,10,0.2,2026-04-28 11:15:24,1,0
U033,S022,7,0.71,2026-04-30 10:55:15,0,0
U033,S049,6,0.2,2026-04-18 07:47:47,0,0
U033,S084,3,0.62,2026-04-28 17:30:26,0,0
U033,S056,7,0.51,2026-04-06 15:54:47,3,0
U033,S037,9,0.57,2026-03-22 01:07:43,1,0
U033,S009,6,0.94,2026-04-23 01:11:29,0,1
U033,S082,7,0.38,2026-03-19 06:19:35,0,0
U033,S052,9,0.7,2026-04-13 15:25:46,2,0
U033,S005,7,0.97,2026-05-05 06:45:50,0,1
U033,S045,1,0.78,2026-03-27 18:58:17,0,0
U034,S056,1,0.81,2026-04-20 15:58:29,0,0
U034,S081,2,0.97,2026-05-06 09:18:57,0,0
U034,S028,1,0.18,2026-04-07 17:03:28,2,0
U034,S084,9,0.26,2026-03-16 07:23:48,1,0
U034,S073,6,0.51,2026-04-18 16:07:24,1,0
U034,S052,5,0.19,2026-03-23 14:51:30,2,0
U034,S064,2,0.22,2026-03-29 02:32:08,2,0
U034,S047,8,0.71,2026-03-25 16:01:28,0,0
U034,S053,10,0.35,2026-03-17 09:25:44,1,0
U034,S040,7,0.98,2026-04-19 03:36:03,0,1
U034,S008,3,0.94,2026-04-23 05:08:43,0,0
U034,S055,2,0.81,2026-03-13 10:08:12,0,0
U034,S032,2,0.95,2026-04-18 22:55:36,0,0
U034,S041,9,0.97,2026-03-15 11:40:42,0,1
U034,S065,9,0.59,2026-04-07 01:08:05,0,0
U035,S096,6,0.86,2026-03-28 19:47:35,0,1
U035,S070,10,0.29,2026-04-02 19:28:47,1,0
U035,S058,1,0.74,2026-04-24 13:13:21,0,0
U035,S049,8,0.31,2026-03-31 00:12:23,1,0
U035,S028,8,0.68,2026-03-28 09:03:46,1,0
U035,S055,9,0.96,2026-03-28 23:54:54,0,1
U035,S016,1,0.31,2026-03-22 07:28:56,2,0
U035,S039,1,0.62,2026-04-08 03:46:21,2,0
U035,S006,4,0.72,2026-04-03 06:10:46,0,0
U035,S093,10,0.66,2026-03-21 06:52:15,2,0
U035,S082,2,0.57,2026-03-14 18:12:30,1,0
U035,S018,3,0.95,2026-03-23 04:08:30,0,0
U035,S022,6,0.35,2026-04-18 10:16:43,3,0
U035,S024,7,0.68,2026-04-12 19:28:56,3,0
U036,S026,9,0.18,2026-04-28 09:35:32,3,0
U036,S085,5,0.94,2026-04-14 09:28:50,0,1
U036,S019,6,0.18,2026-04-06 14:07:10,1,0
U036,S097,10,0.45,2026-04-14 20:08:36,0,0
U036,S081,5,0.79,2026-04-29 09:31:16,0,0
U036,S067,9,0.84,2026-05-05 21:34:47,0,0
U036,S010,1,0.89,2026-04-18 21:20:36,0,0
U036,S002,6,0.9,2026-04-09 05:10:31,0,1
U036,S074,6,0.9,2026-04-10 08:53:02,0,1
U036,S060,2,0.45,2026-03-29 12:55:12,1,0
U037,S100,5,0.87,2026-04-14 04:37:57,0,1
U037,S080,5,0.73,2026-04-06 13:03:58,0,0
U037,S071,7,0.49,2026-03-13 14:26:48,2,0
U037,S047,5,0.72,2026-04-12 02:27:00,0,0
U037,S087,1,0.85,2026-03-30 04:19:56,0,0
U037,S070,5,0.76,2026-03-11 05:17:58,0,0
U037,S042,6,0.23,2026-03-21 10:04:18,0,0
U037,S006,10,0.51,2026-03-24 20:50:49,1,0
U037,S078,6,0.5,2026-04-29 10:43:51,0,0
U037,S028,10,0.38,2026-04-05 23:55:42,1,0
U038,S087,6,0.49,2026-04-15 21:57:41,0,0
U038,S001,9,0.63,2026-04-28 22:33:18,0,0
U038,S018,3,0.76,2026-04-02 04:46:03,0,0
U038,S044,4,0.69,2026-04-08 09:03:47,0,0
U038,S079,8,0.62,2026-04-05 23:09:50,3,0
U038,S082,1,0.64,2026-03-29 10:48:04,3,0
U038,S042,1,0.81,2026-03-27 09:45:46,0,0
U038,S054,1,0.72,2026-05-04 17:31:45,0,0
U038,S028,3,0.59,2026-04-05 20:40:31,1,0
U038,S027,1,0.62,2026-04-21 15:47:56,3,0
U038,S096,4,0.42,2026-03-18 00:45:53,0,0
U038,S051,10,0.84,2026-05-03 17:07:05,0,0
U038,S071,4,0.44,2026-05-02 14:35:28,0,0
U038,S029,6,0.7,2026-03-18 04:16:11,0,0
U038,S013,7,0.85,2026-03-25 09:36:28,0,1
U038,S065,10,0.32,2026-04-23 03:15:26,1,0
U038,S010,8,0.96,2026-04-25 18:29:28,0,1
U039,S011,8,0.75,2026-03-23 23:25:31,0,0
U039,S057,1,0.25,2026-04-13 10:28:02,3,0
U039,S081,6,0.19,2026-04-27 06:05:00,2,0
U039,S026,8,0.88,2026-03-28 00:06:52,0,1
U039,S047,4,0.79,2026-04-11 11:49:39,0,0
U039,S100,3,0.44,2026-03-12 00:10:45,3,0
U039,S009,7,0.5,2026-05-05 11:53:21,2,0
U039,S070,9,0.58,2026-05-05 03:53:58,3,0
U039,S062,6,0.81,2026-04-11 04:56:59,0,0
U039,S051,10,0.52,2026-03-16 09:01:23,2,0
U039,S034,9,0.4,2026-04-12 09:45:45,1,0
U039,S076,4,0.74,2026-04-02 17:20:31,0,0
U039,S032,6,0.6,2026-04-02 03:35:19,0,0
U039,S069,3,0.18,2026-03-29 07:26:22,0,0
U039,S091,5,0.36,2026-04-17 00:50:12,2,0
U039,S092,6,0.59,2026-03-31 01:01:41,1,0
U039,S004,9,0.72,2026-04-12 11:18:24,0,0
U039,S066,2,0.36,2026-04-28 02:30:03,0,0
U040,S012,2,0.43,2026-04-01 01:49:11,3,0
U040,S027,10,0.35,2026-04-20 03:06:42,3,0
U040,S067,6,0.99,2026-05-02 16:24:34,0,1
U040,S010,1,0.55,2026-04-17 20:00:57,1,0
U040,S013,3,0.82,2026-03-13 05:27:37,0,0
U040,S014,8,0.99,2026-03-22 22:59:05,0,1
U040,S017,3,0.73,2026-04-29 11:16:02,0,0
U040,S020,4,0.9,2026-04-05 12:43:17,0,1
U040,S002,7,0.73,2026-05-02 12:59:32,0,0
U040,S094,2,0.35,2026-04-11 11:18:51,1,0
U040,S083,7,0.15,2026-04-27 01:06:48,3,0
U040,S028,5,0.68,2026-04-30 09:33:07,3,0
U040,S036,1,0.92,2026-03-25 02:57:25,0,0
U040,S084,7,0.3,2026-04-28 19:00:57,1,0
U040,S041,10,0.89,2026-05-06 19:56:45,0,1
U040,S026,2,0.52,2026-04-15 19:18:29,2,0
U041,S095,9,0.97,2026-03-28 10:58:00,0,1
U041,S023,2,0.23,2026-04-25 05:34:55,1,0
U041,S044,10,0.47,2026-03-25 05:44:53,0,0
U041,S082,9,0.71,2026-03-28 14:45:08,0,0
U041,S051,10,1.0,2026-04-03 04:51:08,0,1
U041,S099,10,0.63,2026-03-18 11:06:12,3,0
U041,S071,6,0.67,2026-04-06 00:36:36,2,0
U041,S026,7,0.24,2026-04-29 08:13:04,3,0
U041,S054,6,0.91,2026-03-19 10:14:28,0,1
U041,S052,10,0.2,2026-05-04 23:32:31,3,0
U041,S018,5,0.53,2026-04-26 07:28:24,0,0
U041,S096,6,0.49,2026-03-28 09:54:11,0,0
U042,S018,9,0.42,2026-04-04 04:32:29,0,0
U042,S100,6,0.96,2026-03-15 09:31:23,0,1
U042,S098,8,0.94,2026-03-28 17:53:33,0,1
U042,S082,6,0.45,2026-04-26 22:18:09,3,0
U042,S015,9,0.67,2026-03-20 11:34:28,0,0
U042,S081,2,0.23,2026-03-26 19:07:10,3,0
U042,S044,2,0.32,2026-04-06 04:39:32,0,0
U042,S002,7,0.5,2026-04-18 15:47:42,1,0
U042,S058,10,0.54,2026-03-30 21:56:27,0,0
U042,S045,8,0.74,2026-04-11 04:47:36,0,0
U043,S092,2,0.71,2026-05-02 08:25:44,0,0
U043,S097,1,0.98,2026-05-02 21:23:34,0,0
U043,S060,5,0.51,2026-04-23 19:41:26,1,0
U043,S066,9,0.52,2026-04-03 21:57:55,3,0
U043,S059,3,0.74,2026-04-12 13:27:24,0,0
U043,S076,2,0.85,2026-04-08 12:09:52,0,0
U043,S085,9,0.32,2026-04-12 12:16:31,2,0
U043,S027,6,0.34,2026-05-06 06:48:31,2,0
U043,S063,5,0.81,2026-04-05 10:39:56,0,0
U043,S020,9,0.96,2026-04-05 10:43:28,0,1
U043,S034,1,0.21,2026-04-28 23:54:19,0,0
U043,S012,6,0.99,2026-03-28 16:48:47,0,1
U043,S045,3,0.81,2026-04-16 16:46:08,0,0
U043,S038,6,0.84,2026-03-30 02:20:38,0,0
U043,S046,9,0.86,2026-03-28 22:25:02,0,1
U043,S051,3,0.55,2026-05-05 02:17:32,1,0
U043,S081,9,0.18,2026-03-13 01:28:40,2,0
U044,S039,1,0.8,2026-03-11 23:57:22,0,0
U044,S041,9,0.73,2026-04-14 07:13:04,0,0
U044,S075,10,0.86,2026-03-28 13:57:02,0,1
U044,S089,10,0.78,2026-03-31 14:19:46,0,0
U044,S029,7,0.89,2026-04-05 22:46:39,0,1
U044,S087,4,0.31,2026-04-15 14:46:55,1,0
U044,S032,1,0.44,2026-03-15 08:57:18,0,0
U044,S099,8,0.31,2026-04-27 03:52:33,1,0
U044,S044,2,0.39,2026-04-29 08:33:22,2,0
U044,S014,6,0.7,2026-04-14 15:26:51,3,0
U044,S086,9,0.89,2026-03-24 08:20:49,0,1
U044,S033,2,0.94,2026-05-06 23:10:50,0,0
U044,S013,9,0.61,2026-03-14 09:01:03,1,0
U044,S015,8,0.75,2026-03-22 04:16:18,0,0
U045,S015,2,0.23,2026-04-22 16:17:24,2,0
U045,S018,10,0.19,2026-04-26 17:12:25,0,0
U045,S060,4,0.61,2026-04-14 18:07:25,0,0
U045,S088,9,0.33,2026-04-11 07:50:52,1,0
U045,S065,8,0.9,2026-04-30 02:44:13,0,1
U045,S030,5,0.87,2026-03-13 06:40:29,0,1
U045,S019,5,0.34,2026-03-27 15:16:25,1,0
U045,S096,1,0.73,2026-05-06 13:48:23,0,0
U045,S100,9,0.54,2026-05-02 01:04:51,0,0
U045,S047,10,0.99,2026-04-26 09:40:14,0,1
U045,S053,7,0.26,2026-03-23 01:42:20,1,0
U046,S099,1,0.27,2026-04-09 19:22:02,0,0
U046,S035,6,0.94,2026-05-01 08:43:03,0,1
U046,S063,3,0.8,2026-04-20 21:43:05,0,0
U046,S008,3,0.56,2026-04-12 01:36:56,3,0
U046,S010,7,0.86,2026-03-28 00:48:02,0,1
U046,S054,5,1.0,2026-04-22 11:04:02,0,1
U046,S032,10,0.92,2026-04-11 16:37:07,0,1
U046,S097,3,0.65,2026-03-12 15:02:59,2,0
U046,S033,7,0.8,2026-03-27 21:09:11,0,0
U046,S040,6,0.9,2026-04-07 09:41:14,0,1
U046,S076,2,0.98,2026-04-22 06:36:21,0,0
U046,S075,4,0.58,2026-04-11 23:40:24,0,0
U046,S057,6,0.47,2026-03-18 20:39:21,3,0
U046,S061,6,0.37,2026-03-28 19:52:50,1,0
U046,S064,7,0.63,2026-05-04 06:28:02,0,0
U046,S039,3,0.54,2026-04-01 16:13:06,1,0
U046,S060,7,0.42,2026-04-17 12:43:52,1,0
U046,S077,7,0.81,2026-04-06 18:43:38,0,0
U046,S026,4,0.81,2026-03-19 19:03:03,0,0
U046,S067,1,0.62,2026-03-19 14:21:39,2,0
U047,S068,1,0.47,2026-04-15 06:13:43,1,0
U047,S054,9,0.69,2026-04-03 00:48:26,0,0
U047,S010,9,0.9,2026-04-14 04:46:06,0,1
U047,S003,10,0.44,2026-04-17 13:33:21,0,0
U047,S084,8,0.92,2026-04-25 02:20:15,0,1
U047,S028,9,0.22,2026-04-09 02:06:40,2,0
U047,S032,7,0.28,2026-04-17 13:15:43,0,0
U047,S036,7,0.61,2026-04-30 15:45:06,1,0
U047,S057,5,0.47,2026-05-05 08:12:22,1,0
U047,S079,8,0.53,2026-04-12 16:05:50,3,0
U047,S040,1,0.71,2026-04-27 22:23:08,0,0
U047,S012,1,0.54,2026-05-03 15:10:46,0,0
U047,S081,10,0.28,2026-04-02 06:47:01,3,0
U048,S033,1,0.53,2026-04-16 14:22:33,0,0
U048,S073,2,0.42,2026-03-21 03:43:18,3,0
U048,S035,2,0.72,2026-04-19 03:58:31,0,0
U048,S037,2,0.32,2026-04-25 03:02:26,2,0
U048,S045,4,0.84,2026-03-16 10:46:21,0,0
U048,S004,5,0.81,2026-03-19 07:49:18,0,0
U048,S034,2,0.7,2026-04-28 19:23:22,0,0
U048,S030,1,0.5,2026-05-06 09:09:10,3,0
U048,S015,6,0.59,2026-04-18 12:18:54,3,0
U048,S090,10,0.95,2026-03-23 07:11:52,0,1
U048,S028,4,0.86,2026-05-02 07:19:34,0,1
U048,S026,2,0.28,2026-03-28 11:47:37,3,0
U048,S063,1,0.56,2026-05-01 05:45:17,1,0
U048,S083,9,0.54,2026-05-04 15:15:11,2,0
U049,S047,9,0.84,2026-04-04 06:38:26,0,0
U049,S021,1,0.83,2026-04-13 01:06:49,0,0
U049,S025,1,0.68,2026-04-06 18:43:02,2,0
U049,S055,4,0.21,2026-04-08 08:47:06,2,0
U049,S053,6,0.95,2026-03-24 21:11:26,0,1
U049,S074,10,0.89,2026-04-22 14:40:47,0,1
U049,S002,4,0.61,2026-03-30 09:58:35,2,0
U049,S026,3,0.43,2026-03-26 18:54:43,2,0
U049,S024,6,0.77,2026-04-29 08:00:06,0,0
U049,S064,9,0.17,2026-03-31 09:00:06,2,0
U049,S059,6,0.22,2026-04-22 21:46:01,0,0
U049,S051,9,0.59,2026-04-15 12:08:55,3,0
U049,S028,7,0.99,2026-05-01 02:01:07,0,1
U049,S030,6,0.5,2026-04-20 17:09:07,2,0
U049,S084,8,0.69,2026-04-24 12:00:50,0,0
U049,S099,10,0.9,2026-04-17 05:31:45,0,1
U049,S048,8,0.93,2026-04-29 20:48:24,0,1
U050,S099,5,0.99,2026-03-25 02:28:09,0,1
U050,S025,6,0.82,2026-04-07 23:40:11,0,0
U050,S040,7,0.63,2026-03-24 17:05:01,3,0
U050,S060,9,0.19,2026-04-07 23:18:50,0,0
U050,S095,7,0.58,2026-04-26 10:10:43,3,0
U050,S072,5,0.27,2026-04-16 20:05:15,1,0
U050,S027,9,0.57,2026-04-09 19:10:58,2,0
U050,S029,4,0.89,2026-04-15 02:52:03,0,1
U050,S046,4,0.97,2026-03-14 17:35:51,0,1
U050,S100,4,0.5,2026-05-05 10:23:49,3,0
U050,S087,8,0.37,2026-03-28 18:03:02,0,0
U050,S063,8,0.49,2026-03-23 01:42:14,3,0
U050,S036,2,0.98,2026-04-03 10:43:42,0,0
U050,S059,2,0.18,2026-03-11 10:19:30,0,0
U050,S015,7,0.41,2026-04-20 16:28:03,1,0
U050,S082,7,0.49,2026-03-12 05:03:19,3,0
U050,S033,4,0.68,2026-04-21 03:58:06,3,0
U050,S032,7,0.27,2026-04-29 01:32:11,3,0
U050,S066,8,0.47,2026-04-11 05:07:04,0,0
U051,S084,2,0.3,2026-04-30 23:49:28,0,0
U051,S032,7,0.86,2026-03-15 04:04:51,0,1
U051,S043,2,0.71,2026-03-15 01:59:41,0,0
U051,S082,10,0.92,2026-03-16 05:48:03,0,1
U051,S008,2,0.38,2026-03-28 19:21:45,3,0
U051,S072,4,0.72,2026-05-05 08:19:35,0,0
U051,S012,9,0.73,2026-04-25 20:46:43,0,0
U051,S003,4,0.59,2026-03-21 10:03:03,2,0
U051,S002,7,0.23,2026-04-07 10:47:36,2,0
U051,S023,5,0.29,2026-04-15 07:14:44,2,0
U051,S051,4,0.62,2026-05-05 13:50:07,2,0
U051,S035,10,0.64,2026-04-26 06:19:45,2,0
U052,S045,5,0.9,2026-04-16 16:40:40,0,1
U052,S100,9,0.95,2026-03-18 06:03:46,0,1
U052,S001,3,0.74,2026-03-15 00:43:10,0,0
U052,S072,6,0.96,2026-03-13 05:12:08,0,1
U052,S026,9,0.25,2026-03-22 03:52:00,1,0
U052,S095,10,0.97,2026-04-17 17:13:45,0,1
U052,S009,6,0.5,2026-04-04 21:28:39,1,0
U052,S071,4,0.55,2026-03-21 15:18:37,0,0
U052,S089,7,0.72,2026-05-06 17:49:35,0,0
U052,S093,9,0.31,2026-03-30 14:23:20,2,0
U052,S030,1,0.38,2026-03-20 19:08:20,0,0
U052,S054,7,0.44,2026-04-14 15:39:16,2,0
U052,S070,7,0.58,2026-03-27 00:00:27,1,0
U052,S005,1,0.78,2026-04-09 16:00:07,0,0
U053,S083,10,0.95,2026-04-10 08:13:52,0,1
U053,S007,7,0.49,2026-04-13 00:18:41,0,0
U053,S003,7,0.75,2026-04-26 22:11:22,0,0
U053,S064,10,0.57,2026-03-21 17:31:16,3,0
U053,S100,5,0.43,2026-05-03 05:58:19,2,0
U053,S042,4,0.26,2026-04-16 08:19:28,0,0
U053,S032,10,0.52,2026-04-07 07:19:04,1,0
U053,S017,5,0.73,2026-03-29 00:16:26,0,0
U053,S050,8,0.96,2026-05-06 06:32:44,0,1
U053,S051,7,0.41,2026-04-27 22:51:11,1,0
U053,S053,9,0.77,2026-05-03 05:10:51,0,0
U053,S028,8,0.67,2026-03-29 05:05:43,2,0
U053,S055,1,0.93,2026-04-11 09:11:21,0,0
U053,S052,7,0.43,2026-03-30 22:50:17,3,0
U053,S021,9,0.9,2026-04-25 06:03:53,0,1
U053,S072,1,0.53,2026-03-24 14:04:48,1,0
U053,S034,7,0.79,2026-04-07 07:16:04,0,0
U053,S099,4,0.26,2026-03-16 08:28:50,0,0
U053,S070,5,0.32,2026-04-27 04:36:32,0,0
U054,S078,5,0.7,2026-05-06 05:23:52,2,0
U054,S039,10,0.32,2026-04-20 07:31:53,2,0
U054,S052,2,0.61,2026-04-05 17:16:51,1,0
U054,S063,2,0.51,2026-04-28 09:53:13,2,0
U054,S004,5,0.74,2026-04-23 07:22:46,0,0
U054,S045,8,0.91,2026-05-01 09:04:50,0,1
U054,S056,10,0.7,2026-04-26 03:43:36,0,0
U054,S023,2,0.16,2026-03-24 14:19:20,0,0
U054,S093,9,0.67,2026-03-16 05:35:49,2,0
U054,S025,1,0.89,2026-04-02 03:17:19,0,0
U054,S090,7,0.81,2026-05-06 08:03:15,0,0
U054,S064,3,0.56,2026-04-13 14:08:31,3,0
U054,S027,9,0.96,2026-05-01 15:39:13,0,1
U054,S084,8,0.72,2026-04-25 04:44:25,0,0
U054,S021,1,0.88,2026-04-21 14:18:45,0,0
U054,S002,6,0.83,2026-04-16 10:09:45,0,0
U055,S061,10,0.15,2026-04-25 12:49:56,0,0
U055,S052,1,0.76,2026-03-14 08:41:15,0,0
U055,S076,2,0.72,2026-03-17 16:56:39,0,0
U055,S009,4,0.6,2026-04-28 12:46:32,0,0
U055,S035,4,0.18,2026-03-27 07:00:20,3,0
U055,S028,8,0.93,2026-03-30 13:50:38,0,1
U055,S015,3,0.56,2026-03-26 15:26:33,2,0
U055,S018,7,0.93,2026-03-29 10:56:39,0,1
U055,S097,4,0.71,2026-04-30 09:28:58,0,0
U055,S025,5,0.29,2026-04-11 01:20:30,2,0
U055,S092,7,0.57,2026-04-30 08:28:27,0,0
U055,S049,3,0.65,2026-03-27 16:50:49,1,0
U055,S086,4,0.6,2026-04-11 02:55:43,2,0
U055,S051,5,0.66,2026-04-27 15:32:09,3,0
U056,S091,3,0.78,2026-04-24 00:47:07,0,0
U056,S064,10,0.77,2026-05-06 12:48:34,0,0
U056,S032,10,0.43,2026-04-23 04:17:38,0,0
U056,S072,7,0.42,2026-04-01 13:37:28,3,0
U056,S056,8,0.92,2026-03-15 10:38:10,0,1
U056,S060,8,0.88,2026-03-11 10:57:54,0,1
U056,S055,8,0.54,2026-03-18 01:44:48,1,0
U056,S052,2,0.63,2026-04-25 05:17:36,3,0
U056,S007,10,0.3,2026-04-13 01:24:49,3,0
U056,S057,8,0.45,2026-03-20 23:52:59,0,0
U056,S006,9,0.18,2026-04-25 04:28:53,2,0
U056,S024,9,0.69,2026-04-27 22:41:28,2,0
U056,S069,3,0.57,2026-05-04 12:32:07,0,0
U056,S068,3,0.56,2026-04-25 12:02:28,3,0
U057,S096,5,0.18,2026-05-02 23:04:48,0,0
U057,S052,6,0.62,2026-04-19 13:32:11,3,0
U057,S025,2,0.74,2026-03-13 03:12:26,0,0
U057,S082,3,0.82,2026-04-01 01:04:56,0,0
U057,S020,4,0.36,2026-04-18 07:17:04,3,0
U057,S026,8,0.44,2026-04-02 13:20:09,0,0
U057,S008,3,0.37,2026-04-20 14:20:41,1,0
U057,S028,5,0.89,2026-04-17 14:08:36,0,1
U057,S057,8,0.89,2026-04-12 00:40:39,0,1
U057,S081,6,0.93,2026-03-20 04:59:32,0,1
U057,S063,9,0.59,2026-05-02 03:03:37,3,0
U057,S014,9,0.75,2026-03-30 16:05:19,0,0
U057,S013,5,0.41,2026-03-15 00:28:41,3,0
U057,S033,6,0.78,2026-04-29 04:42:31,0,0
U057,S040,3,0.72,2026-04-19 07:17:31,0,0
U057,S049,10,0.7,2026-05-01 15:08:43,0,0
U057,S064,9,0.32,2026-03-29 13:30:07,1,0
U057,S041,4,0.62,2026-04-03 17:00:47,0,0
U058,S015,3,0.48,2026-04-18 08:28:34,3,0
U058,S063,4,0.7,2026-04-30 00:02:18,2,0
U058,S070,9,0.84,2026-03-12 02:21:39,0,0
U058,S069,10,0.43,2026-04-03 18:25:17,0,0
U058,S098,6,0.65,2026-03-22 01:28:39,3,0
U058,S062,6,0.41,2026-04-27 06:33:26,2,0
U058,S001,2,0.25,2026-03-22 22:13:47,2,0
U058,S013,2,0.51,2026-04-21 16:32:06,1,0
U058,S100,5,0.69,2026-05-03 02:54:54,3,0
U058,S077,7,0.19,2026-04-13 04:55:07,3,0
U058,S073,6,0.66,2026-04-04 05:53:24,0,0
U058,S081,1,0.71,2026-03-13 12:51:58,0,0
U058,S038,5,0.72,2026-04-19 06:52:46,0,0
U058,S042,2,0.78,2026-05-01 12:24:17,0,0
U058,S076,5,0.73,2026-04-05 15:56:56,0,0
U059,S022,9,0.21,2026-04-27 21:45:00,3,0
U059,S056,1,0.61,2026-04-26 21:46:24,1,0
U059,S014,9,0.64,2026-03-24 04:17:31,1,0
U059,S057,9,0.8,2026-03-29 16:19:44,0,0
U059,S013,7,0.53,2026-03-17 23:55:19,1,0
U059,S012,1,0.5,2026-03-29 20:49:54,0,0
U059,S076,2,0.53,2026-04-14 13:47:54,2,0
U059,S065,10,0.55,2026-05-02 00:43:24,0,0
U059,S033,10,0.24,2026-04-10 06:07:06,0,0
U059,S040,10,0.4,2026-04-20 15:55:59,0,0
U059,S096,3,0.3,2026-03-14 20:07:26,1,0
U059,S069,9,0.35,2026-03-31 08:33:01,3,0
U059,S070,6,0.23,2026-05-05 09:03:24,1,0
U059,S090,5,0.47,2026-03-28 08:27:50,2,0
U059,S093,7,0.55,2026-03-23 06:19:51,0,0
U060,S036,8,0.49,2026-03-29 14:50:05,0,0
U060,S024,7,0.64,2026-04-22 17:29:39,2,0
U060,S087,5,0.87,2026-04-03 18:12:29,0,1
U060,S091,2,0.84,2026-04-07 03:11:04,0,0
U060,S019,4,0.54,2026-05-05 14:31:51,1,0
U060,S098,10,0.16,2026-03-22 23:57:03,1,0
U060,S030,6,0.29,2026-05-03 19:54:08,0,0
U060,S056,5,0.61,2026-04-24 13:54:06,0,0
U060,S085,4,0.25,2026-04-07 08:14:21,3,0
U060,S032,8,0.96,2026-04-29 11:17:05,0,1
U060,S099,2,0.94,2026-03-28 18:44:31,0,0
U060,S003,2,0.68,2026-04-08 11:26:27,1,0
U060,S049,8,0.24,2026-04-20 05:29:55,2,0
U060,S034,4,0.39,2026-04-07 04:08:29,1,0
U060,S016,1,0.72,2026-04-25 06:24:15,0,0
U060,S026,3,0.26,2026-04-04 06:19:44,3,0
U060,S031,8,0.73,2026-03-14 10:16:44,0,0
U060,S100,3,0.88,2026-03-19 00:37:48,0,0
U060,S072,5,0.25,2026-03-30 20:26:10,2,0
U061,S089,8,0.74,2026-04-19 08:07:48,0,0
U061,S052,2,0.42,2026-04-12 07:53:15,1,0
U061,S003,2,0.3,2026-04-14 00:30:19,2,0
U061,S057,3,0.18,2026-04-09 09:19:40,2,0
U061,S001,5,0.83,2026-04-21 14:32:40,0,0
U061,S083,10,0.39,2026-05-03 01:30:28,0,0
U061,S059,6,0.88,2026-04-28 04:56:28,0,1
U061,S043,3,0.2,2026-04-08 04:59:22,2,0
U061,S018,2,0.7,2026-04-04 17:32:43,0,0
U061,S036,6,0.39,2026-03-23 05:20:42,1,0
U062,S070,2,0.21,2026-03-11 01:19:07,3,0
U062,S017,9,0.74,2026-03-26 13:21:49,0,0
U062,S013,8,0.53,2026-03-30 18:19:40,3,0
U062,S031,6,0.36,2026-04-10 16:24:55,1,0
U062,S007,4,0.17,2026-04-05 21:06:53,3,0
U062,S080,4,0.33,2026-04-27 01:44:44,3,0
U062,S095,3,0.81,2026-03-15 09:01:15,0,0
U062,S001,10,0.79,2026-03-22 20:22:22,0,0
U062,S077,7,0.97,2026-04-08 01:05:15,0,1
U062,S049,9,0.55,2026-04-16 01:43:00,2,0
U062,S075,3,0.89,2026-03-22 05:01:49,0,0
U062,S051,1,0.25,2026-04-23 01:03:06,0,0
U062,S018,9,0.47,2026-04-03 14:51:46,0,0
U062,S085,8,0.22,2026-04-26 01:39:38,1,0
U062,S033,6,0.74,2026-05-04 09:49:08,0,0
U062,S037,9,0.99,2026-04-11 03:39:52,0,1
U062,S041,5,0.21,2026-04-09 15:55:21,1,0
U062,S099,5,0.5,2026-03-16 16:48:46,3,0
U063,S013,7,0.24,2026-04-06 10:13:42,3,0
U063,S032,3,0.34,2026-03-12 06:29:51,2,0
U063,S065,10,0.57,2026-04-21 21:50:38,2,0
U063,S055,6,0.4,2026-04-25 22:35:01,3,0
U063,S070,2,0.39,2026-05-01 02:06:35,1,0
U063,S007,10,0.69,2026-03-11 18:29:13,0,0
U063,S027,3,0.53,2026-03-25 07:31:36,2,0
U063,S097,3,0.76,2026-03-26 04:46:24,0,0
U063,S002,10,0.2,2026-03-18 20:02:37,1,0
U063,S022,6,0.46,2026-04-12 21:35:02,1,0
U063,S037,1,0.76,2026-05-01 12:57:15,0,0
U063,S021,4,0.83,2026-04-21 14:56:28,0,0
U063,S083,7,0.86,2026-05-06 00:49:11,0,1
U063,S049,4,0.88,2026-03-30 21:10:40,0,1
U063,S060,1,0.18,2026-03-31 02:24:43,3,0
U064,S086,5,0.86,2026-03-17 14:49:59,0,1
U064,S035,2,0.27,2026-04-28 11:47:48,1,0
U064,S064,8,0.42,2026-04-23 17:55:50,3,0
U064,S022,5,0.84,2026-03-23 16:25:25,0,0
U064,S084,10,0.2,2026-03-13 18:16:20,3,0
U064,S058,1,0.54,2026-04-14 18:10:20,3,0
U064,S098,3,0.65,2026-04-18 13:49:39,3,0
U064,S002,5,0.69,2026-04-15 03:34:50,3,0
U064,S062,5,0.63,2026-03-15 23:59:12,1,0
U064,S037,8,0.69,2026-03-22 22:07:43,0,0
U065,S045,2,0.63,2026-03-15 03:35:44,0,0
U065,S095,5,0.72,2026-03-21 16:38:06,0,0
U065,S016,3,0.79,2026-04-30 06:59:38,0,0
U065,S093,8,0.27,2026-04-18 04:18:47,2,0
U065,S070,4,0.25,2026-03-14 22:26:06,3,0
U065,S006,7,0.99,2026-03-16 02:10:12,0,1
U065,S072,7,0.38,2026-03-13 07:09:17,1,0
U065,S069,7,0.48,2026-05-01 18:36:41,1,0
U065,S058,5,0.63,2026-05-06 23:07:53,1,0
U065,S096,5,0.4,2026-03-14 17:29:32,1,0
U065,S089,5,0.85,2026-03-14 13:37:47,0,0
U065,S064,10,0.48,2026-05-06 12:54:16,2,0
U065,S009,10,0.32,2026-04-29 23:28:00,0,0
U065,S054,2,0.63,2026-03-22 18:13:01,2,0
U065,S020,9,0.43,2026-03-19 03:27:59,0,0
U066,S028,10,0.35,2026-03-24 07:45:05,0,0
U066,S040,7,0.2,2026-04-16 12:51:22,2,0
U066,S004,4,0.35,2026-04-07 08:48:26,2,0
U066,S031,4,0.51,2026-04-17 21:10:03,2,0
U066,S036,4,0.44,2026-03-30 18:13:34,1,0
U066,S084,10,0.41,2026-04-21 16:32:31,1,0
U066,S010,3,0.28,2026-04-29 13:17:47,0,0
U066,S098,9,0.74,2026-04-23 01:55:54,0,0
U066,S076,3,0.82,2026-03-30 06:22:23,0,0
U066,S012,4,0.52,2026-03-25 14:45:20,3,0
U066,S100,3,0.87,2026-04-21 16:03:43,0,0
U066,S005,4,0.33,2026-04-25 20:06:18,1,0
U067,S085,8,0.81,2026-04-22 12:52:33,0,0
U067,S029,2,0.34,2026-05-02 22:09:55,3,0
U067,S012,1,0.16,2026-04-22 01:11:08,1,0
U067,S040,7,0.81,2026-03-29 19:55:31,0,0
U067,S015,10,0.16,2026-03-31 16:02:13,1,0
U067,S038,2,0.58,2026-04-20 02:34:57,2,0
U067,S078,1,0.75,2026-03-14 18:54:37,0,0
U067,S100,6,0.67,2026-03-18 08:45:28,0,0
U067,S036,7,0.38,2026-03-23 13:32:25,2,0
U067,S011,7,0.26,2026-03-26 12:42:15,1,0
U067,S060,3,0.28,2026-03-21 03:31:53,0,0
U067,S007,7,0.3,2026-03-17 10:16:53,0,0
U067,S058,1,0.31,2026-04-05 08:29:01,2,0
U068,S081,6,0.39,2026-04-30 16:15:27,3,0
U068,S021,4,0.45,2026-03-19 11:57:28,1,0
U068,S099,8,0.47,2026-04-18 16:56:16,3,0
U068,S002,5,0.81,2026-04-08 00:39:41,0,0
U068,S014,3,0.41,2026-04-11 17:50:38,0,0
U068,S038,4,0.17,2026-05-02 23:44:33,1,0
U068,S033,4,0.67,2026-03-12 23:58:22,2,0
U068,S071,3,0.27,2026-04-08 16:48:43,0,0
U068,S043,5,0.37,2026-04-06 11:09:43,2,0
U068,S054,10,0.44,2026-03-24 12:08:48,3,0
U069,S044,7,0.53,2026-03-20 16:11:56,3,0
U069,S098,4,0.22,2026-04-13 16:21:47,0,0
U069,S022,6,0.79,2026-03-24 21:44:07,0,0
U069,S029,2,0.73,2026-04-10 02:11:22,0,0
U069,S037,2,0.98,2026-03-29 19:48:35,0,0
U069,S050,3,0.7,2026-04-09 13:34:04,0,0
U069,S053,3,0.18,2026-05-03 04:14:04,3,0
U069,S008,6,0.32,2026-03-16 08:11:49,0,0
U069,S031,8,0.53,2026-04-13 16:28:36,2,0
U069,S093,5,0.17,2026-04-14 10:02:30,2,0
U069,S073,8,0.2,2026-03-17 06:52:42,3,0
U069,S004,3,0.59,2026-05-02 18:13:49,3,0
U069,S066,10,0.19,2026-03-17 19:18:34,3,0
U069,S005,6,0.28,2026-04-14 09:21:50,3,0
U069,S015,1,0.91,2026-03-16 13:18:58,0,0
U069,S016,10,0.88,2026-04-02 22:08:51,0,1
U069,S076,10,0.52,2026-03-24 08:12:54,0,0
U069,S023,5,0.91,2026-04-24 06:15:39,0,1
U069,S075,1,0.85,2026-03-13 17:20:37,0,0
U070,S069,2,0.52,2026-05-06 12:13:17,1,0
U070,S037,3,0.2,2026-04-03 02:41:13,0,0
U070,S092,9,0.17,2026-03-28 18:00:01,0,0
U070,S078,8,0.49,2026-03-25 03:27:43,2,0
U070,S064,2,0.23,2026-05-06 01:43:16,3,0
U070,S088,7,0.29,2026-04-03 23:54:57,3,0
U070,S024,9,0.43,2026-03-19 17:42:58,0,0
U070,S067,5,0.58,2026-03-15 22:04:15,1,0
U070,S100,7,0.33,2026-04-18 20:56:05,0,0
U070,S057,10,0.57,2026-03-26 22:30:25,1,0
U070,S038,10,0.81,2026-04-25 01:35:44,0,0
U070,S096,3,0.42,2026-05-04 18:34:12,1,0
U071,S075,1,0.32,2026-05-02 14:00:32,1,0
U071,S059,3,0.53,2026-04-22 02:34:22,2,0
U071,S026,8,0.81,2026-04-19 15:35:38,0,0
U071,S039,1,0.69,2026-03-19 10:28:34,1,0
U071,S066,4,0.4,2026-04-28 00:55:22,2,0
U071,S019,1,0.18,2026-04-11 02:26:13,0,0
U071,S021,10,0.95,2026-05-02 03:33:57,0,1
U071,S062,2,0.95,2026-04-29 17:01:53,0,0
U071,S036,8,0.75,2026-04-03 14:36:38,0,0
U071,S014,7,0.69,2026-05-03 12:50:41,2,0
U071,S025,10,0.5,2026-03-22 19:49:26,2,0
U071,S003,2,0.57,2026-03-25 14:06:19,3,0
U071,S045,10,0.28,2026-03-20 02:55:49,1,0
U071,S009,3,0.46,2026-05-03 03:13:33,3,0
U071,S053,2,0.22,2026-04-11 13:06:22,1,0
U071,S006,3,0.48,2026-04-21 23:45:27,3,0
U071,S040,9,0.23,2026-04-27 03:24:02,3,0
U071,S048,4,0.7,2026-04-24 12:43:22,0,0
U072,S053,10,0.67,2026-03-29 17:27:51,0,0
U072,S023,1,0.32,2026-03-17 08:13:25,1,0
U072,S005,5,0.96,2026-04-01 05:16:56,0,1
U072,S045,8,0.59,2026-03-18 05:35:27,1,0
U072,S080,1,0.74,2026-04-25 22:25:43,0,0
U072,S060,4,0.27,2026-04-15 22:48:50,2,0
U072,S071,4,0.95,2026-03-21 02:01:52,0,1
U072,S052,8,0.91,2026-04-21 00:55:43,0,1
U072,S067,8,0.21,2026-03-23 16:47:55,0,0
U072,S091,10,0.49,2026-04-16 22:00:33,0,0
U072,S065,2,0.23,2026-04-07 18:12:43,2,0
U072,S038,8,0.65,2026-03-12 04:29:01,0,0
U072,S075,4,0.77,2026-03-25 20:20:16,0,0
U072,S062,3,0.29,2026-03-27 05:44:54,2,0
U073,S063,2,0.38,2026-03-31 01:32:00,3,0
U073,S026,5,0.7,2026-05-05 17:16:21,0,0
U073,S039,4,0.18,2026-04-21 00:51:20,0,0
U073,S067,3,0.98,2026-03-15 06:37:07,0,0
U073,S010,9,0.81,2026-04-02 18:26:00,0,0
U073,S070,2,0.25,2026-04-06 20:19:21,0,0
U073,S008,8,0.47,2026-03-15 03:57:56,2,0
U073,S090,5,0.37,2026-04-30 03:41:29,2,0
U073,S097,1,0.31,2026-03-18 04:17:45,3,0
U073,S023,9,0.24,2026-05-06 08:53:29,3,0
U073,S079,1,0.93,2026-04-22 07:11:29,0,0
U073,S094,8,0.57,2026-03-24 11:15:24,1,0
U073,S082,5,0.88,2026-04-06 03:12:20,0,1
U073,S095,10,0.62,2026-04-19 11:55:49,1,0
U073,S031,4,0.49,2026-04-14 22:08:43,0,0
U073,S086,10,0.74,2026-03-20 14:38:35,0,0
U073,S006,2,0.35,2026-04-20 06:14:11,3,0
U073,S077,7,0.57,2026-03-26 15:05:57,3,0
U073,S092,5,0.59,2026-04-18 02:35:31,3,0
U073,S071,1,0.38,2026-04-20 21:11:41,2,0
U074,S044,5,0.28,2026-03-21 17:26:29,2,0
U074,S035,3,0.57,2026-04-21 23:11:16,2,0
U074,S017,2,0.78,2026-04-05 22:33:59,0,0
U074,S073,7,0.53,2026-04-23 13:25:54,2,0
U074,S016,5,0.97,2026-03-21 02:31:29,0,1
U074,S050,4,0.28,2026-03-20 20:44:17,3,0
U074,S009,5,0.46,2026-05-02 03:41:16,1,0
U074,S077,3,0.58,2026-04-06 12:56:17,2,0
U074,S041,3,0.47,2026-04-13 05:12:34,3,0
U074,S047,4,0.19,2026-03-16 08:40:37,0,0
U074,S030,1,0.77,2026-04-27 19:30:45,0,0
U074,S015,1,0.91,2026-04-12 08:07:05,0,0
U074,S032,2,0.33,2026-04-16 22:04:18,2,0
U074,S038,2,0.21,2026-04-03 14:09:27,3,0
U074,S004,1,0.29,2026-03-28 09:56:03,2,0
U074,S083,10,0.24,2026-03-24 22:44:06,3,0
U074,S060,8,0.35,2026-05-05 15:18:37,0,0
U075,S032,3,0.89,2026-03-13 02:53:41,0,0
U075,S064,3,0.33,2026-04-16 17:55:02,0,0
U075,S091,7,0.25,2026-03-22 16:41:42,1,0
U075,S014,3,0.16,2026-04-09 07:41:03,1,0
U075,S058,7,0.61,2026-04-07 09:05:26,2,0
U075,S074,2,0.59,2026-03-16 22:08:15,1,0
U075,S089,5,0.74,2026-05-04 08:20:49,0,0
U075,S045,8,0.32,2026-04-15 16:29:58,1,0
U075,S002,10,0.63,2026-03-18 09:53:51,3,0
U075,S041,1,0.99,2026-03-20 03:50:55,0,0
U075,S012,9,0.68,2026-04-02 18:29:51,2,0
U075,S065,5,0.63,2026-05-06 23:12:47,3,0
U075,S016,4,0.72,2026-03-18 20:02:13,0,0
U075,S060,6,0.53,2026-04-20 23:09:45,1,0
U075,S004,10,0.4,2026-03-11 15:06:41,1,0
U075,S038,2,0.78,2026-04-02 16:34:32,0,0
U075,S049,4,0.68,2026-04-21 17:11:28,1,0
U075,S015,4,0.85,2026-04-01 16:52:51,0,0
U075,S031,9,0.42,2026-03-14 10:58:16,2,0
U076,S015,2,0.25,2026-04-20 00:21:59,3,0
U076,S075,2,0.57,2026-04-06 09:53:22,3,0
U076,S014,6,0.97,2026-03-30 09:38:23,0,1
U076,S096,4,0.8,2026-05-02 01:08:00,0,0
U076,S100,7,0.56,2026-04-28 13:18:50,3,0
U076,S004,10,0.82,2026-04-09 05:26:54,0,0
U076,S076,4,0.84,2026-03-25 05:16:03,0,0
U076,S031,1,0.74,2026-05-06 18:46:01,0,0
U076,S087,9,0.41,2026-04-28 06:08:38,3,0
U076,S067,2,0.29,2026-05-05 16:53:39,1,0
U076,S036,7,0.97,2026-04-17 05:35:15,0,1
U076,S013,9,0.18,2026-04-20 02:06:53,2,0
U076,S043,5,0.19,2026-04-04 17:03:19,0,0
U076,S084,6,0.96,2026-04-25 21:51:43,0,1
U076,S037,2,0.4,2026-03-30 12:04:56,0,0
U076,S079,5,0.34,2026-03-13 02:17:46,3,0
U076,S053,3,0.58,2026-04-02 04:58:19,0,0
U076,S073,4,0.71,2026-03-29 09:03:18,0,0
U077,S003,9,0.88,2026-03-30 07:08:25,0,1
U077,S025,3,0.93,2026-03-16 23:29:18,0,0
U077,S019,10,0.16,2026-03-17 09:38:10,1,0
U077,S095,6,0.18,2026-04-01 14:28:42,3,0
U077,S039,9,0.93,2026-03-24 13:39:29,0,1
U077,S027,4,0.32,2026-04-28 23:44:15,2,0
U077,S052,4,0.46,2026-04-17 10:39:29,3,0
U077,S083,9,0.33,2026-04-22 14:14:18,1,0
U077,S086,4,0.51,2026-04-05 14:58:10,0,0
U077,S100,3,0.74,2026-05-04 14:14:07,0,0
U077,S075,2,0.88,2026-04-08 23:40:51,0,0
U077,S011,1,0.65,2026-04-07 12:00:23,3,0
U078,S049,9,0.63,2026-04-14 14:24:17,3,0
U078,S094,5,0.9,2026-03-25 14:47:13,0,1
U078,S040,5,0.72,2026-03-23 06:43:38,0,0
U078,S055,5,0.91,2026-03-28 20:42:35,0,1
U078,S078,6,0.85,2026-04-16 09:03:55,0,1
U078,S018,4,0.46,2026-03-15 06:08:59,0,0
U078,S042,4,0.56,2026-04-11 01:14:52,0,0
U078,S050,9,0.9,2026-03-26 16:52:08,0,1
U078,S065,10,0.75,2026-04-28 12:31:27,0,0
U078,S091,1,0.98,2026-04-18 06:26:03,0,0
U078,S041,2,0.56,2026-04-23 20:05:21,3,0
U078,S028,5,0.57,2026-04-11 16:45:58,3,0
U078,S023,7,0.46,2026-04-19 15:42:24,1,0
U078,S069,7,0.2,2026-03-12 08:55:08,2,0
U078,S003,2,0.87,2026-04-29 17:16:41,0,0
U078,S058,3,0.8,2026-04-09 04:41:43,0,0
U078,S061,4,0.93,2026-03-25 01:33:50,0,1
U078,S032,4,0.24,2026-04-24 18:40:54,3,0
U078,S095,4,0.53,2026-05-06 21:17:22,2,0
U079,S027,7,0.32,2026-04-30 03:24:13,3,0
U079,S009,4,0.44,2026-05-01 03:16:22,0,0
U079,S034,6,0.25,2026-04-19 12:01:24,1,0
U079,S051,8,0.9,2026-03-12 03:31:35,0,1
U079,S033,2,0.96,2026-03-28 18:35:17,0,0
U079,S093,1,0.72,2026-05-03 12:31:11,0,0
U079,S078,8,0.4,2026-03-19 23:17:55,2,0
U079,S043,10,0.82,2026-04-05 02:50:55,0,0
U079,S048,7,0.8,2026-05-05 08:53:13,0,0
U079,S008,1,0.7,2026-03-30 01:29:16,0,0
U079,S077,2,0.41,2026-04-02 05:46:34,1,0
U080,S077,7,0.71,2026-04-19 15:12:02,0,0
U080,S010,9,0.84,2026-03-30 19:20:52,0,0
U080,S062,2,0.65,2026-04-19 20:56:34,2,0
U080,S068,7,0.19,2026-03-27 21:15:48,1,0
U080,S022,8,0.41,2026-04-24 00:22:58,2,0
U080,S073,7,0.64,2026-03-23 02:19:13,2,0
U080,S088,7,0.37,2026-04-10 08:01:21,0,0
U080,S029,2,0.97,2026-04-17 07:05:48,0,0
U080,S025,2,0.19,2026-04-02 10:04:53,3,0
U080,S051,2,0.86,2026-04-10 11:00:35,0,0
U080,S059,2,0.71,2026-04-09 10:13:06,0,0
U080,S070,9,0.77,2026-04-25 23:21:08,0,0
U081,S053,1,0.38,2026-03-28 02:18:36,1,0
U081,S023,10,0.57,2026-03-24 20:54:38,3,0
U081,S013,3,0.59,2026-03-13 08:33:50,2,0
U081,S075,1,0.89,2026-05-02 12:07:31,0,0
U081,S050,4,0.41,2026-03-19 07:47:34,3,0
U081,S086,3,0.81,2026-04-09 07:06:28,0,0
U081,S019,10,0.58,2026-03-13 06:21:40,2,0
U081,S067,10,0.93,2026-04-03 21:01:54,0,1
U081,S010,1,0.74,2026-04-11 03:10:36,0,0
U081,S056,10,0.92,2026-03-25 08:30:43,0,1
U081,S001,5,0.16,2026-04-21 05:42:01,2,0
U081,S076,5,0.41,2026-04-26 12:35:50,2,0
U081,S055,9,0.31,2026-04-20 11:17:23,1,0
U081,S044,9,0.23,2026-03-23 15:47:19,2,0
U082,S047,3,0.81,2026-04-10 12:38:29,0,0
U082,S064,4,0.98,2026-04-26 22:14:47,0,1
U082,S085,3,0.5,2026-03-26 03:15:08,2,0
U082,S049,1,0.96,2026-03-11 05:47:07,0,0
U082,S099,2,0.96,2026-04-09 10:29:56,0,0
U082,S096,8,0.2,2026-03-15 12:39:53,2,0
U082,S033,3,0.75,2026-04-13 19:05:49,0,0
U082,S076,5,0.69,2026-04-03 06:28:20,1,0
U082,S018,10,0.37,2026-04-26 22:52:42,3,0
U082,S019,9,0.67,2026-03-22 02:16:05,0,0
U082,S091,1,0.32,2026-03-18 21:00:18,0,0
U082,S078,8,0.57,2026-04-16 17:00:36,3,0
U082,S044,1,0.52,2026-04-12 03:18:56,3,0
U082,S075,2,0.96,2026-03-22 17:20:56,0,0
U082,S046,8,0.64,2026-04-28 21:30:08,3,0
U082,S038,1,0.69,2026-04-09 11:20:50,0,0
U082,S040,1,0.69,2026-03-23 01:18:59,2,0
U082,S008,4,0.28,2026-05-04 03:51:21,0,0
U082,S011,8,0.72,2026-04-30 07:38:08,0,0
U083,S060,1,0.54,2026-04-18 14:24:34,1,0
U083,S008,10,0.53,2026-03-15 03:47:24,1,0
U083,S012,4,0.34,2026-05-06 07:38:44,1,0
U083,S013,10,0.75,2026-03-18 18:55:01,0,0
U083,S045,10,0.72,2026-04-04 07:32:36,0,0
U083,S049,2,0.54,2026-04-28 08:51:16,2,0
U083,S017,9,0.66,2026-04-03 02:14:13,3,0
U083,S022,7,0.48,2026-04-19 16:11:39,3,0
U083,S033,8,0.95,2026-05-01 06:05:51,0,1
U083,S036,6,0.64,2026-03-12 17:00:34,0,0
U083,S097,2,0.21,2026-04-30 16:12:38,0,0
U083,S004,8,0.65,2026-04-08 00:41:21,0,0
U083,S030,3,0.19,2026-04-13 02:57:25,3,0
U083,S052,2,0.17,2026-05-02 07:51:51,2,0
U083,S070,3,0.77,2026-04-18 03:47:03,0,0
U083,S040,6,0.72,2026-03-12 04:09:40,0,0
U083,S018,1,0.41,2026-03-14 00:26:59,2,0
U083,S075,5,0.85,2026-04-26 06:26:29,0,0
U083,S064,8,0.26,2026-03-28 06:22:58,2,0
U083,S043,7,0.31,2026-03-26 05:39:59,3,0
U084,S075,2,0.28,2026-04-02 04:43:25,0,0
U084,S066,1,0.21,2026-04-19 18:07:58,3,0
U084,S095,8,0.67,2026-05-02 11:51:29,3,0
U084,S050,1,0.33,2026-03-22 23:00:52,0,0
U084,S067,6,0.42,2026-03-22 18:39:03,0,0
U084,S083,5,0.68,2026-04-06 23:38:44,1,0
U084,S042,6,0.29,2026-04-03 01:37:45,3,0
U084,S094,4,0.64,2026-05-02 21:07:31,1,0
U084,S007,5,0.66,2026-03-28 14:01:43,0,0
U084,S034,10,0.69,2026-03-22 05:29:10,3,0
U085,S091,7,0.42,2026-03-24 10:18:04,1,0
U085,S002,4,0.99,2026-03-17 01:36:23,0,1
U085,S028,10,0.97,2026-03-31 06:15:56,0,1
U085,S033,9,0.24,2026-05-02 22:09:43,1,0
U085,S069,2,0.59,2026-04-25 22:26:59,3,0
U085,S084,1,0.62,2026-03-15 07:45:16,1,0
U085,S067,1,0.38,2026-05-05 18:43:52,1,0
U085,S031,5,0.28,2026-03-28 01:54:21,1,0
U085,S071,1,0.79,2026-05-04 08:25:41,0,0
U085,S080,8,0.82,2026-03-21 11:09:52,0,0
U085,S011,6,0.38,2026-03-24 07:18:40,0,0
U085,S029,8,0.64,2026-03-11 21:15:21,1,0
U085,S035,9,0.78,2026-05-02 20:23:20,0,0
U085,S043,4,0.9,2026-04-03 05:46:08,0,1
U085,S077,8,0.18,2026-05-05 12:55:21,1,0
U085,S057,1,0.8,2026-04-27 14:48:00,0,0
U085,S098,10,0.77,2026-03-12 04:27:05,0,0
U085,S013,1,0.8,2026-03-18 04:10:09,0,0
U085,S047,7,0.76,2026-04-16 15:57:32,0,0
U086,S029,4,0.68,2026-04-21 17:46:46,2,0
U086,S016,4,0.34,2026-04-09 12:39:47,2,0
U086,S026,7,0.49,2026-04-12 17:06:41,1,0
U086,S056,10,0.25,2026-05-06 23:50:12,2,0
U086,S090,1,0.71,2026-05-03 00:49:09,0,0
U086,S047,10,0.66,2026-04-26 12:04:35,2,0
U086,S004,9,0.23,2026-04-05 19:48:59,0,0
U086,S006,4,0.61,2026-04-25 15:23:36,2,0
U086,S065,1,0.16,2026-04-02 02:15:09,2,0
U086,S032,6,0.3,2026-04-04 14:51:31,0,0
U086,S072,3,1.0,2026-03-24 19:06:54,0,0
U086,S021,3,0.99,2026-04-02 15:17:56,0,0
U087,S086,6,0.8,2026-03-13 06:19:15,0,0
U087,S042,10,0.35,2026-03-22 23:07:21,1,0
U087,S048,8,0.25,2026-04-18 03:20:38,3,0
U087,S093,4,0.8,2026-04-15 04:24:12,0,0
U087,S009,3,1.0,2026-05-02 08:30:46,0,0
U087,S040,3,0.26,2026-03-12 18:39:05,0,0
U087,S029,7,0.56,2026-03-28 08:42:38,1,0
U087,S033,8,0.27,2026-03-21 00:35:16,3,0
U087,S065,7,0.15,2026-03-15 22:56:32,1,0
U087,S027,4,0.37,2026-05-01 20:42:12,0,0
U087,S080,8,0.76,2026-03-14 22:00:52,0,0
U087,S074,1,0.64,2026-04-21 07:13:30,0,0
U087,S015,7,0.57,2026-03-24 02:12:52,3,0
U087,S017,8,0.85,2026-04-27 03:51:14,0,0
U087,S091,2,0.87,2026-03-11 00:22:14,0,0
U087,S013,10,0.4,2026-03-29 22:42:24,1,0
U087,S095,7,0.41,2026-04-17 11:13:40,1,0
U088,S006,6,0.55,2026-04-05 02:58:09,1,0
U088,S100,3,0.44,2026-04-16 00:03:01,3,0
U088,S097,7,0.59,2026-03-11 02:03:06,1,0
U088,S059,5,0.79,2026-03-15 05:55:39,0,0
U088,S077,7,0.69,2026-03-27 23:14:00,0,0
U088,S027,7,0.63,2026-03-23 20:08:51,2,0
U088,S078,7,0.38,2026-04-16 10:01:05,1,0
U088,S020,5,0.19,2026-04-11 22:55:48,3,0
U088,S069,6,0.18,2026-04-01 05:05:10,0,0
U088,S035,4,0.44,2026-04-12 00:05:31,1,0
U088,S088,6,0.93,2026-04-08 02:00:50,0,1
U088,S051,6,0.5,2026-05-06 01:33:08,0,0
U088,S028,8,0.8,2026-05-01 19:13:34,0,0
U088,S016,3,0.62,2026-03-31 03:47:26,1,0
U089,S051,4,0.16,2026-03-23 07:13:44,0,0
U089,S091,8,0.38,2026-04-15 01:14:34,3,0
U089,S006,7,0.93,2026-04-06 16:07:33,0,1
U089,S033,6,0.44,2026-04-01 13:33:39,3,0
U089,S013,6,0.6,2026-04-12 23:58:00,3,0
U089,S020,5,0.91,2026-04-22 07:18:20,0,1
U089,S015,5,0.53,2026-04-23 18:23:09,0,0
U089,S059,3,0.4,2026-04-27 06:13:16,3,0
U089,S063,3,0.88,2026-03-19 13:27:33,0,0
U089,S087,9,0.62,2026-04-17 07:31:25,0,0
U089,S072,3,0.3,2026-04-06 00:26:05,1,0
U089,S081,10,0.62,2026-04-05 11:31:15,0,0
U089,S065,6,0.19,2026-04-15 02:11:22,3,0
U089,S003,1,0.88,2026-03-17 09:29:29,0,0
U089,S094,3,0.57,2026-04-15 22:53:50,3,0
U089,S053,3,0.67,2026-04-21 23:50:46,1,0
U089,S034,10,0.39,2026-04-23 13:33:50,3,0
U089,S095,9,0.31,2026-03-14 13:02:54,2,0
U090,S044,6,0.76,2026-04-19 17:58:43,0,0
U090,S005,1,0.26,2026-04-15 13:03:24,1,0
U090,S084,7,0.41,2026-03-11 11:15:28,1,0
U090,S082,2,0.27,2026-04-08 05:50:49,1,0
U090,S034,3,0.68,2026-04-09 01:29:17,2,0
U090,S004,4,0.78,2026-04-03 09:53:43,0,0
U090,S070,4,0.91,2026-04-08 00:56:04,0,1
U090,S057,4,0.7,2026-03-30 06:02:03,2,0
U090,S031,2,0.15,2026-04-08 11:03:55,3,0
U090,S068,3,0.59,2026-04-19 22:13:55,0,0
U090,S073,6,0.52,2026-03-29 22:23:27,1,0
U090,S098,8,0.15,2026-03-26 15:23:37,2,0
U090,S090,1,0.6,2026-03-20 13:01:50,3,0
U091,S011,1,0.88,2026-04-02 13:43:15,0,0
U091,S033,3,0.7,2026-04-01 04:31:44,0,0
U091,S057,10,0.96,2026-04-22 01:32:34,0,1
U091,S072,7,0.81,2026-04-04 02:12:14,0,0
U091,S061,5,0.77,2026-04-24 22:33:09,0,0
U091,S029,4,0.27,2026-03-15 05:44:51,1,0
U091,S065,6,0.76,2026-03-12 17:40:24,0,0
U091,S098,7,0.38,2026-04-11 01:26:06,2,0
U091,S062,1,0.82,2026-03-22 22:00:49,0,0
U091,S008,3,0.23,2026-04-26 17:01:42,0,0
U091,S075,10,0.18,2026-05-06 11:24:47,0,0
U091,S026,6,0.95,2026-03-26 03:16:40,0,1
U091,S051,4,0.24,2026-04-19 15:53:30,2,0
U092,S040,2,0.34,2026-03-16 17:27:20,2,0
U092,S048,6,0.95,2026-03-15 06:21:21,0,1
U092,S006,9,0.67,2026-04-16 17:58:39,2,0
U092,S017,9,0.29,2026-03-14 09:01:02,3,0
U092,S013,9,1.0,2026-04-15 13:47:44,0,1
U092,S036,1,0.95,2026-05-01 07:44:51,0,0
U092,S096,10,0.58,2026-04-09 17:10:29,3,0
U092,S008,4,0.31,2026-04-11 11:17:36,1,0
U092,S020,6,0.43,2026-05-06 14:24:26,3,0
U092,S098,9,0.32,2026-04-01 23:33:17,1,0
U092,S087,7,0.47,2026-04-16 23:03:23,2,0
U092,S023,10,0.39,2026-04-07 04:33:23,3,0
U092,S060,6,0.88,2026-04-14 12:06:22,0,1
U092,S041,4,0.48,2026-03-14 17:00:55,0,0
U092,S085,8,0.73,2026-03-15 12:13:38,0,0
U092,S014,5,0.23,2026-03-22 21:13:45,2,0
U093,S040,10,0.79,2026-03-26 17:58:02,0,0
U093,S085,6,0.76,2026-03-30 02:35:06,0,0
U093,S084,2,0.79,2026-04-22 17:45:35,0,0
U093,S005,4,0.57,2026-04-25 16:46:06,2,0
U093,S004,4,0.23,2026-04-12 08:41:38,2,0
U093,S083,3,0.86,2026-04-07 14:19:34,0,0
U093,S024,1,0.76,2026-04-06 13:55:31,0,0
U093,S046,5,0.73,2026-04-04 04:57:33,0,0
U093,S057,9,0.54,2026-04-24 23:24:59,1,0
U093,S007,8,0.71,2026-04-08 02:18:31,0,0
U093,S053,6,0.88,2026-03-17 15:00:03,0,1
U093,S061,6,0.61,2026-03-26 15:22:34,3,0
U093,S017,8,0.95,2026-05-06 18:59:57,0,1
U093,S091,10,0.9,2026-03-22 03:56:17,0,1
U093,S096,8,0.51,2026-04-02 03:40:25,2,0
U094,S075,3,0.29,2026-04-21 19:02:06,1,0
U094,S046,10,0.6,2026-04-17 10:53:10,2,0
U094,S044,1,0.36,2026-04-06 01:46:33,1,0
U094,S015,10,0.94,2026-04-25 18:07:06,0,1
U094,S016,8,0.69,2026-03-16 21:00:41,2,0
U094,S043,6,0.45,2026-04-02 12:18:51,3,0
U094,S005,1,0.71,2026-03-30 17:32:06,0,0
U094,S039,8,0.51,2026-03-24 11:31:58,2,0
U094,S022,10,0.37,2026-04-23 03:41:14,3,0
U094,S054,3,0.36,2026-04-13 10:31:17,1,0
U094,S056,9,0.56,2026-03-26 00:22:27,2,0
U094,S040,8,0.7,2026-04-27 23:27:06,0,0
U094,S030,3,0.99,2026-03-27 02:38:43,0,0
U095,S041,2,0.76,2026-03-19 04:32:15,0,0
U095,S088,2,0.56,2026-05-03 10:35:12,2,0
U095,S013,2,0.54,2026-04-01 05:51:18,0,0
U095,S009,6,0.83,2026-03-25 02:52:53,0,0
U095,S055,1,0.44,2026-05-05 19:40:34,3,0
U095,S005,3,0.24,2026-03-16 22:45:52,3,0
U095,S074,7,0.55,2026-05-05 13:35:28,2,0
U095,S082,6,0.67,2026-03-31 16:28:06,1,0
U095,S029,6,0.64,2026-05-06 03:28:19,3,0
U095,S053,7,0.52,2026-04-25 15:32:17,3,0
U095,S059,3,0.96,2026-03-12 01:55:18,0,0
U095,S096,1,0.25,2026-03-31 14:49:07,0,0
U095,S083,5,0.84,2026-04-10 01:08:35,0,0
U095,S016,3,0.67,2026-04-13 10:21:40,1,0
U095,S026,7,0.79,2026-04-29 04:23:54,0,0
U095,S011,8,0.34,2026-04-01 05:31:07,1,0
U095,S014,6,0.31,2026-04-15 10:31:20,0,0
U095,S093,4,0.88,2026-04-08 12:41:36,0,1
U095,S002,8,0.92,2026-04-14 06:53:44,0,1
U096,S078,9,0.51,2026-04-25 08:00:53,3,0
U096,S085,7,0.45,2026-05-01 01:54:50,2,0
U096,S067,6,0.88,2026-04-06 02:14:12,0,1
U096,S083,7,0.91,2026-04-17 01:36:31,0,1
U096,S023,3,0.94,2026-04-30 09:22:00,0,0
U096,S079,9,0.51,2026-04-26 03:58:53,3,0
U096,S029,8,0.68,2026-05-02 08:42:33,0,0
U096,S021,7,0.96,2026-05-01 06:17:30,0,1
U096,S051,9,0.77,2026-04-04 12:09:42,0,0
U096,S046,1,0.36,2026-04-23 17:08:38,0,0
U096,S076,8,0.4,2026-04-22 00:54:06,0,0
U096,S043,10,0.89,2026-05-02 19:27:31,0,1
U096,S053,3,0.86,2026-04-14 17:45:09,0,0
U096,S006,6,0.45,2026-03-18 12:03:38,2,0
U096,S019,4,0.41,2026-03-23 03:58:19,3,0
U096,S088,7,0.98,2026-03-13 12:00:46,0,1
U096,S050,9,0.21,2026-04-21 16:34:48,2,0
U096,S080,7,0.41,2026-04-02 21:44:50,2,0
U096,S039,4,0.52,2026-04-19 00:27:34,0,0
U097,S016,10,0.58,2026-05-04 07:11:40,0,0
U097,S099,1,0.18,2026-03-15 08:20:28,3,0
U097,S032,3,0.75,2026-04-03 18:04:00,0,0
U097,S088,5,0.57,2026-04-18 02:17:41,2,0
U097,S064,3,0.16,2026-03-19 18:42:15,2,0
U097,S035,8,0.31,2026-03-17 21:24:23,3,0
U097,S039,1,0.36,2026-03-16 02:18:44,2,0
U097,S034,1,0.52,2026-04-14 16:27:34,1,0
U097,S066,10,0.57,2026-03-11 06:46:25,1,0
U097,S096,1,0.6,2026-04-24 05:14:08,3,0
U097,S068,10,0.16,2026-03-16 06:03:43,1,0
U097,S054,8,0.97,2026-04-19 02:59:29,0,1
U097,S075,1,0.89,2026-04-03 15:57:32,0,0
U098,S095,6,0.29,2026-04-16 14:39:23,1,0
U098,S038,9,0.93,2026-04-08 10:49:12,0,1
U098,S083,10,0.46,2026-03-12 14:38:12,1,0
U098,S064,1,0.34,2026-05-04 22:35:06,0,0
U098,S025,10,0.51,2026-04-21 12:19:15,3,0
U098,S016,10,0.38,2026-04-18 04:09:57,3,0
U098,S011,4,0.83,2026-04-19 05:10:20,0,0
U098,S005,2,0.57,2026-04-26 20:58:44,3,0
U098,S098,1,0.72,2026-04-20 05:26:29,0,0
U098,S022,2,0.53,2026-04-12 12:44:15,0,0
U098,S078,9,0.33,2026-03-31 11:57:32,1,0
U098,S014,4,0.17,2026-04-01 21:00:43,1,0
U098,S052,5,0.54,2026-04-27 11:53:04,2,0
U098,S068,7,0.23,2026-04-11 14:23:26,2,0
U099,S031,5,0.78,2026-03-27 02:22:36,0,0
U099,S018,4,0.42,2026-04-10 00:37:57,3,0
U099,S073,7,0.93,2026-04-27 00:05:06,0,1
U099,S050,8,0.5,2026-04-22 20:21:39,2,0
U099,S100,10,0.99,2026-03-14 14:55:50,0,1
U099,S001,10,0.73,2026-05-06 23:27:12,0,0
U099,S097,4,0.45,2026-04-24 19:23:56,2,0
U099,S085,4,0.82,2026-03-27 08:37:03,0,0
U099,S028,6,0.68,2026-03-16 22:31:55,1,0
U099,S054,7,0.39,2026-04-03 08:32:18,2,0
U099,S090,3,0.61,2026-03-15 15:36:22,0,0
U099,S012,9,0.62,2026-05-04 15:55:19,1,0
U099,S051,5,0.59,2026-03-15 16:11:43,3,0
U099,S025,6,0.49,2026-03-26 08:54:13,1,0
U100,S048,2,0.57,2026-03-29 16:39:52,3,0
U100,S055,10,0.37,2026-04-21 03:09:58,0,0
U100,S006,5,0.54,2026-03-18 06:58:10,0,0
U100,S034,2,0.21,2026-05-05 07:10:45,2,0
U100,S094,2,0.46,2026-04-09 17:09:35,3,0
U100,S080,5,0.79,2026-04-06 23:43:12,0,0
U100,S023,3,0.15,2026-03-29 06:44:18,3,0
U100,S024,6,0.49,2026-04-30 05:28:04,0,0
U100,S050,8,0.39,2026-04-14 16:48:16,0,0
U100,S059,6,0.94,2026-04-23 02:43:29,0,1
U100,S100,2,0.33,2026-04-02 05:22:54,3,0
U100,S008,3,0.6,2026-03-20 02:26:18,3,0
U100,S079,9,0.32,2026-05-02 19:32:16,1,0
U100,S011,2,0.6,2026-03-11 00:54:45,0,0
